Molecular_Name,SMILES,NumAtoms,NumHeavyAtoms,NumBonds,NumRotatableBonds,NumAromaticRings,NumAliphaticRings,NumHeteroatoms,NumHDonors,NumHAcceptors,FormalCharge,MolecularWeight,MolecularVolume,SurfaceArea,RadiusOfGyration,ShapeFactor,TPSA,LogP,MolarRefractivity,FractionCSP3,Density,MaxPartialCharge,MinPartialCharge,AvgPartialCharge,NumRings,NumAromaticCarbocycles,NumSaturatedCarbocycles,BalabanJ,BertzCT,HallKierAlpha,Kappa3
Aromatic_1,C(=O)Nc1ccc(I)cc1,10.0,10.0,10.0,2.0,1.0,0.0,3.0,1.0,1.0,0.0,247.035,73.26855,34.92,2.794035342602733,0.0113102812609243,29.1,1.8595,48.84570000000001,0.0,3.371637580221833,0.2110124699201177,-0.3286967902228857,7.697835424647081e-18,1.0,1.0,0.0,2.7828495900077543,219.5526454939854,-0.5800000000000001,1.982580223575813
Aromatic_2,Cc1ccc(CC)cc1,9.0,9.0,9.0,1.0,1.0,0.0,0.0,0.0,0.0,0.0,120.195,60.835500000000025,0.0,2.277748150577892,0.0189504399652851,0.0,2.5574200000000005,40.557000000000016,0.3333333333333333,1.9757378179559983,0.0625700960116465,-0.0612941353882633,2.147752875018904e-18,1.0,1.0,0.0,2.8815558776461354,171.73472797861996,-0.78,1.5627607309331124
Aromatic_3,Cc1ccc(OC)cc1,9.0,9.0,9.0,1.0,1.0,0.0,1.0,0.0,1.0,0.0,122.167,56.59650000000001,11.076,2.2754379852570863,0.0186256351275831,9.23,2.00362,37.73100000000001,0.25,2.1585610036210534,0.1183773845727294,-0.4967682217545404,-1.4608197692436273e-18,1.0,1.0,0.0,2.8815558776461354,176.26405299160078,-0.98,1.4567376919048354
Aromatic_4,Clc1ccccc1,7.0,7.0,7.0,0.0,1.0,0.0,1.0,0.0,0.0,0.0,112.55899999999995,47.178,0.0,1.928719254519127,0.0171351845466283,0.0,2.34,31.452,0.0,2.385836568192026,0.0638401535488038,-0.0843444765249014,-8.0953762212251e-18,1.0,1.0,0.0,3.0214653097240864,134.10736969541455,-0.49,1.2036104723218577
Aromatic_5,CCCc1ccc(C(=O)N)cc1,12.0,12.0,12.0,3.0,1.0,0.0,2.0,1.0,1.0,0.0,163.21999999999997,73.43235000000004,51.708000000000006,2.9870438236105827,0.0183007217578106,43.09,1.738,48.95490000000002,0.3,2.2227260570753056,0.2481954516192296,-0.3655995093553835,-3.469446951953614e-18,1.0,1.0,0.0,2.780862288870475,263.6719978261822,-1.31,2.087500407228809
Aromatic_6,Clc1ccc(C#N)cc1,9.0,9.0,9.0,0.0,1.0,0.0,2.0,0.0,1.0,0.0,137.569,54.25050000000002,28.548,2.46562140060777,0.0179227978882231,23.79,2.2116799999999994,36.167000000000016,0.0,2.5358106831124,0.0991106064691412,-0.1924370377184198,1.0675221390626506e-18,1.0,1.0,0.0,3.056038396227261,232.0882179862608,-1.0,1.4462809917355373
Aromatic_7,C(=O)Oc1ccc(N)cc1,10.0,10.0,10.0,2.0,1.0,0.0,3.0,1.0,3.0,0.0,137.138,56.31960000000001,62.784,2.396199875911699,0.0174729094666597,52.32,0.8039999999999998,37.546400000000006,0.0,2.4349959439520887,0.2979959828757008,-0.4287619215633603,8.163404592832033e-19,1.0,1.0,0.0,2.7828495900077543,217.5526454939854,-1.5099999999999998,1.4816626331899465
Aromatic_8,C(=O)Oc1ccc(CC)cc1,11.0,11.0,11.0,3.0,1.0,0.0,2.0,0.0,2.0,0.0,150.177,63.76800000000003,31.56,2.6283528671176826,0.0175017003243904,26.3,1.7841999999999998,42.51200000000002,0.2222222222222222,2.355052654073317,0.2979959661359557,-0.4287642651655149,-5.451988067355679e-18,1.0,1.0,0.0,2.7366739543410024,225.8229784140701,-1.31,2.075224641853074
Aromatic_9,Brc1ccc(Br)cc1,8.0,8.0,8.0,0.0,1.0,0.0,2.0,0.0,0.0,0.0,235.906,62.763000000000005,0.0,2.850477846711774,0.0120831086730675,0.0,3.2116000000000007,41.842000000000006,0.0,3.75867941687492,0.0634994081377295,-0.0508383299396023,-1.1564823173178713e-18,1.0,1.0,0.0,3.0324555320336755,145.38833891467198,0.1799999999999999,1.6001195765031015
Aromatic_10,OCc1ccc(F)cc1,9.0,9.0,9.0,1.0,1.0,0.0,2.0,1.0,1.0,0.0,126.12999999999998,48.48419999999999,24.276,2.2514092803758845,0.0178499109056209,20.23,1.318,32.322799999999994,0.1428571428571428,2.601465990952393,0.2105281974963762,-0.3916804404752167,9.107298248878237e-18,1.0,1.0,0.0,2.881555877646136,180.61256853719752,-0.8900000000000001,1.5041227606108942
Aromatic_11,Ic1ccc(C(=O)O)cc1,10.0,10.0,10.0,1.0,1.0,0.0,3.0,1.0,1.0,0.0,248.019,69.17745000000002,44.76,2.808846595923624,0.0113251266419044,37.3,1.9894,46.11830000000001,0.0,3.585257860975536,0.3351794788833096,-0.4776392437670754,-5.551115123125783e-18,1.0,1.0,0.0,3.003400684579817,240.2879489264805,-0.5800000000000001,1.6981221612425348
Aromatic_12,CCCc1ccccc1,9.0,9.0,9.0,2.0,1.0,0.0,0.0,0.0,0.0,0.0,120.19499999999996,60.65550000000002,0.0,2.3724562279630264,0.0197383935124142,0.0,2.639100000000001,40.43700000000001,0.3333333333333333,1.98160097630716,0.0625603380770179,-0.0650654381445557,3.469446951953614e-18,1.0,1.0,0.0,2.61489994009295,152.9490957526401,-0.78,1.8835467848238945
Aromatic_13,Fc1ccc(OC)cc1,9.0,9.0,9.0,1.0,1.0,0.0,2.0,0.0,1.0,0.0,126.12999999999998,49.42799999999998,11.076,2.263175957717806,0.0179432009813256,9.23,1.8343,32.95199999999999,0.1428571428571428,2.5517924546452937,0.1229780095304186,-0.4967649666806462,1.3010426069826053e-18,1.0,1.0,0.0,2.8815558776461354,180.61256853719755,-1.05,1.4202570838806534
Aromatic_14,C(=O)Oc1ccc(NC)cc1,11.0,11.0,11.0,3.0,1.0,0.0,3.0,1.0,3.0,0.0,151.165,64.02105000000003,45.996,2.648317706849208,0.0175193840461073,38.33,1.2634999999999998,42.680700000000016,0.125,2.3611764824042005,0.2979959828820998,-0.4287619196856304,-2.1033522146218784e-18,1.0,1.0,0.0,2.7366739543410024,230.35230342705088,-1.5099999999999998,1.9650480959181804
Aromatic_15,CCCc1ccc(NC)cc1,11.0,11.0,11.0,3.0,1.0,0.0,1.0,1.0,1.0,0.0,149.237,74.97555000000004,14.435999999999998,2.8626678000819985,0.0191820244369692,12.03,2.6808000000000005,49.98370000000003,0.4,1.9904755351514511,0.1597001781515692,-0.3881218021609445,1.751403509399661e-18,1.0,1.0,0.0,2.664537066654608,200.6176913996566,-0.98,2.261438255111406
Aromatic_16,NCc1ccc(C(=O)N)cc1,11.0,11.0,11.0,2.0,1.0,0.0,3.0,2.0,2.0,0.0,150.181,64.27695000000001,82.932,2.653761850166833,0.0176704232392673,69.11,0.2441999999999998,42.85130000000001,0.125,2.3364673909314706,0.2481954648304592,-0.3655995093123425,-6.60847038467355e-19,1.0,1.0,0.0,2.9138015626758045,253.2994975838911,-1.35,1.782313713613438
Aromatic_17,Nc1ccc(O)cc1,8.0,8.0,8.0,0.0,1.0,0.0,2.0,2.0,2.0,0.0,109.128,48.7788,55.5,2.00849996869787,0.0184049918471233,46.25,0.9744,32.5192,0.0,2.237201361304473,0.2930920966101822,-0.5079643210254035,2.312964634635743e-18,1.0,1.0,0.0,3.0324555320336755,147.38833891467198,-1.1800000000000002,0.90414189560934
Aromatic_18,OCc1ccc(Cl)cc1,9.0,9.0,9.0,1.0,1.0,0.0,2.0,1.0,1.0,0.0,142.585,56.06220000000002,24.276,2.4618073321511624,0.0172655420618271,20.23,1.8323,37.374800000000015,0.1428571428571428,2.5433357495186457,0.2105281974300624,-0.3916804544090825,4.33680868994202e-19,1.0,1.0,0.0,2.881555877646136,180.61256853719752,-0.53,1.6989023562471834
Aromatic_19,C(=O)Nc1ccc([N+](=O)[O-])cc1,12.0,12.0,12.0,3.0,1.0,0.0,5.0,1.0,3.0,0.0,166.136,64.17465000000001,86.68799999999999,2.7771432691197533,0.0167160835243635,72.24,1.1631,42.78310000000001,0.0,2.588810338836123,0.2690754581844896,-0.3286894736493008,1.0793834961633468e-17,1.0,1.0,0.0,2.846340723505505,294.024727511699,-1.91,1.7859221037811126
Aromatic_20,c1ccc2c(c1)ccc3ccccc23,14.0,14.0,16.0,0.0,3.0,0.0,0.0,0.0,0.0,0.0,178.23399999999998,92.18100000000004,0.0,2.6169544534418376,0.0146826892666895,0.0,3.993000000000002,61.45400000000004,0.0,1.9335220714298804,0.0629462126496244,-0.0616289927108002,-1.734723475976807e-18,3.0,3.0,0.0,2.610318687415942,539.0090985891403,-1.82,1.0075406225733212
Aromatic_21,Ic1ccc(Br)cc1,8.0,8.0,8.0,0.0,1.0,0.0,2.0,0.0,0.0,0.0,282.906,70.28850000000001,0.0,2.9657754671888616,0.0104832540020558,0.0,3.053700000000001,46.85900000000001,0.0,4.024925784090914,0.0634968862534547,-0.0508384140537358,-4.192248400277284e-18,1.0,1.0,0.0,3.0324555320336755,147.38833891467198,0.4299999999999999,1.742777784416771
Aromatic_22,C(=O)Oc1ccc(C(=O)O)cc1,12.0,12.0,12.0,3.0,1.0,0.0,4.0,1.0,3.0,0.0,166.132,60.13995000000002,76.32000000000001,2.7914611550268007,0.016802669794044,63.60000000000001,0.92,40.09330000000001,0.0,2.762423268352845,0.3351828676961653,-0.4776392250079467,-2.0431187605949066e-17,1.0,1.0,0.0,2.846340723505505,288.4310994682657,-1.84,1.820194512708767
Aromatic_23,Nc1ccc(C(=O)N)cc1,10.0,10.0,10.0,1.0,1.0,0.0,3.0,2.0,2.0,0.0,136.15400000000002,59.05845000000001,82.932,2.406745287734126,0.0176766402019587,69.11,0.3677,39.3723,0.0,2.305410956342218,0.2481976944691896,-0.3987282195121219,-7.709882115452477e-19,1.0,1.0,0.0,3.003400684579817,240.2879489264805,-1.5099999999999998,1.2539046385226678
Aromatic_24,OCc1ccccc1,8.0,8.0,8.0,1.0,1.0,0.0,1.0,1.0,1.0,0.0,108.13999999999996,48.54719999999999,24.276,2.0057200364951,0.0185474386716077,20.23,1.1789,32.364799999999995,0.1428571428571428,2.2275228596598184,0.2105281973634617,-0.3916804684282009,2.8189256484623123e-18,1.0,1.0,0.0,2.8320858350070908,145.73281445033504,-0.8200000000000001,1.073981896801325
Aromatic_25,CCCc1ccc(N)cc1,10.0,10.0,10.0,2.0,1.0,0.0,1.0,1.0,1.0,0.0,135.20999999999998,67.27410000000003,31.224,2.4427868393456142,0.0180666135735448,26.02,2.2213000000000003,44.84940000000002,0.3333333333333333,2.0098373369567573,0.1562157479704761,-0.3987285623675141,6.033820786006285e-19,1.0,1.0,0.0,2.693803452362809,188.3881691811921,-0.98,1.7608451250134962
Aromatic_26,C(=O)Oc1ccc(O)cc1,10.0,10.0,10.0,2.0,1.0,0.0,3.0,1.0,3.0,0.0,138.122,52.198200000000014,55.836,2.392162881283144,0.0173192023281153,46.53,0.9274,34.79880000000001,0.0,2.6461065200312164,0.297995997833905,-0.5079622286222062,-1.431146867680866e-17,1.0,1.0,0.0,2.7828495900077543,214.79775799182192,-1.5099999999999998,1.4816626331899465
Aromatic_27,NCc1ccc(Cl)cc1,9.0,9.0,9.0,1.0,1.0,0.0,2.0,1.0,1.0,0.0,141.601,59.01510000000002,31.224,2.460020811630881,0.0173729055180258,26.02,1.7987,39.34340000000001,0.1428571428571428,2.399402824033123,0.1187130067589916,-0.3264974925502791,-1.0204255741040042e-18,1.0,1.0,0.0,2.881555877646136,180.61256853719752,-0.53,1.6989023562471834
Aromatic_28,CCCc1ccc(CCC)cc1,12.0,12.0,12.0,4.0,1.0,0.0,0.0,0.0,0.0,0.0,162.27599999999998,81.64800000000005,0.0,2.880548743767498,0.0177509226627263,0.0,3.5916000000000023,54.43200000000004,0.5,1.98750732427607,0.0625704419725542,-0.0650654381344574,2.3129646346357432e-19,1.0,1.0,0.0,2.583598665629921,182.984848999515,-0.78,2.68933715061274
Aromatic_29,Clc1ccc(C)cc1,8.0,8.0,8.0,0.0,1.0,0.0,1.0,0.0,0.0,0.0,126.58599999999996,54.28350000000001,0.0,2.2149022565670253,0.0174972132705813,0.0,2.6484200000000007,36.18900000000001,0.1428571428571428,2.3319424441691767,0.0638501283985642,-0.0843441355646558,1.8503717077085946e-18,1.0,1.0,0.0,3.0324555320336755,143.24662946459569,-0.49,1.2392064029119825
Aromatic_30,Clc1ccc(Cl)cc1,8.0,8.0,8.0,0.0,1.0,0.0,2.0,0.0,0.0,0.0,147.00400000000002,54.69300000000001,0.0,2.434805986439029,0.0165628552275868,0.0,2.993400000000001,36.46200000000001,0.0,2.687802777543693,0.0638933221124194,-0.0843426977817943,-1.1564823173178714e-17,1.0,1.0,0.0,3.0324555320336755,145.38833891467198,-0.2,1.391420241566014
Aromatic_31,NCc1ccc([N+](=O)[O-])cc1,11.0,11.0,11.0,2.0,1.0,0.0,4.0,1.0,3.0,0.0,152.153,61.48170000000002,82.99199999999999,2.6186095402608243,0.0172103706338386,69.16,1.0535,40.987800000000014,0.1428571428571428,2.47476887472583,0.2689434773073631,-0.3264974374025,-4.017254365419975e-18,1.0,1.0,0.0,2.9138015626758045,255.64801312948788,-1.42,1.7475275336302618
Aromatic_32,c1ccc2c(c1)Cc3ccccc23,13.0,13.0,15.0,0.0,2.0,1.0,0.0,0.0,0.0,0.0,166.22299999999998,82.02600000000004,0.0,2.549939283173245,0.0153404719433097,0.0,3.2578000000000014,54.684000000000026,0.0769230769230769,2.026467193006275,0.0629344540149905,-0.0619392448998263,-3.4505912619973445e-18,3.0,2.0,0.0,2.320727984740838,411.600419055168,-1.5599999999999996,0.9194459577346938
Aromatic_33,Clc1ccc(CC)cc1,9.0,9.0,9.0,1.0,1.0,0.0,1.0,0.0,0.0,0.0,140.613,61.24500000000003,0.0,2.468306714544485,0.0175539011114945,0.0,2.902400000000001,40.83000000000002,0.25,2.2959098327061818,0.0638503011484442,-0.0843441327428068,1.3492293702041833e-18,1.0,1.0,0.0,2.8815558776461354,176.26405299160078,-0.49,1.7210460363481006
Aromatic_34,CCc1ccccc1,8.0,8.0,8.0,1.0,1.0,0.0,0.0,0.0,0.0,0.0,106.16799999999996,53.73,0.0,2.02042083670871,0.0190304123434396,0.0,2.249000000000001,35.82,0.25,1.9759538065149107,0.062560165367501,-0.0622487416550616,-9.637352644315597e-19,1.0,1.0,0.0,2.8320858350070908,141.38429890473827,-0.78,1.0935372033822537
Aromatic_35,OCc1ccc(CCC)cc1,11.0,11.0,11.0,3.0,1.0,0.0,1.0,1.0,1.0,0.0,150.221,69.53970000000004,24.276,2.853140176152825,0.0189929514326217,20.23,2.1314,46.35980000000003,0.4,2.160219239366588,0.210528197376446,-0.3916804657027852,4.996003610813204e-18,1.0,1.0,0.0,2.664537066654608,200.6176913996566,-0.8200000000000001,2.353634969294642
Aromatic_36,C(=O)Oc1ccccc1,9.0,9.0,9.0,2.0,1.0,0.0,2.0,0.0,2.0,0.0,122.12299999999996,49.701,31.56,2.137667069865535,0.0175042133943755,26.3,1.2217999999999998,33.134,0.0,2.4571537301633013,0.2979959636284118,-0.4287646176764367,-6.013708050052932e-18,1.0,1.0,0.0,2.719528532842932,181.367456039361,-1.31,1.5671993724978988
Aromatic_37,OCc1ccc(Br)cc1,9.0,9.0,9.0,1.0,1.0,0.0,2.0,1.0,1.0,0.0,187.036,60.09720000000003,24.276,2.576721842475916,0.0137766089346398,20.23,1.9414,40.06480000000002,0.1428571428571428,3.1122248106030748,0.2105281974137228,-0.3916804578460263,3.2526065174565133e-18,1.0,1.0,0.0,2.881555877646136,180.61256853719752,-0.3400000000000001,1.8049473210371625
Aromatic_38,C(=O)Oc1ccc(I)cc1,10.0,10.0,10.0,2.0,1.0,0.0,3.0,0.0,2.0,0.0,248.019,68.77650000000003,31.56,2.7896719042572493,0.0112478152601592,26.3,1.8264,45.85100000000001,0.0,3.606159028066867,0.2979959727490927,-0.4287633270725185,-1.3530843112619097e-17,1.0,1.0,0.0,2.7828495900077543,217.5526454939854,-0.5800000000000001,1.982580223575813
Aromatic_39,Oc1ccc(C)cc1,8.0,8.0,8.0,0.0,1.0,0.0,1.0,1.0,1.0,0.0,108.14,49.2657,24.276,2.018474501453086,0.0186653826778962,20.23,1.70062,32.843799999999995,0.1428571428571428,2.195036258592971,0.2930920704807113,-0.5079666481555334,-3.903127820947816e-18,1.0,1.0,0.0,3.0324555320336755,143.24662946459569,-0.98,0.9971092570832982
Aromatic_40,NCc1ccc(N)cc1,9.0,9.0,9.0,1.0,1.0,0.0,2.0,2.0,2.0,0.0,122.17099999999998,58.11870000000002,62.44799999999999,2.25836347230021,0.0184852661745827,52.04,0.7275,38.74580000000001,0.1428571428571428,2.1020944704183933,0.156215748014648,-0.3987285519191013,-2.9216395384872547e-18,1.0,1.0,0.0,2.881555877646136,178.61256853719752,-1.02,1.435851175012691
Aromatic_41,CCCc1ccc(CC)cc1,11.0,11.0,11.0,3.0,1.0,0.0,0.0,0.0,0.0,0.0,148.249,74.72250000000005,0.0,2.6967549478265416,0.0181907124475431,0.0,3.201500000000002,49.81500000000003,0.4545454545454545,1.9839940849945568,0.0625704406264096,-0.0650654381344574,-1.6704744583480368e-18,1.0,1.0,0.0,2.664537066654608,195.78322454352,-0.78,2.376873799505857
Aromatic_42,Cc1ccc(CCC)cc1,10.0,10.0,10.0,2.0,1.0,0.0,0.0,0.0,0.0,0.0,134.222,67.76100000000004,0.0,2.620355219466585,0.0195225462289642,0.0,2.9475200000000017,45.17400000000003,0.4,1.9808148938059509,0.0625702687341128,-0.065065438134477,-4.33680868994202e-19,1.0,1.0,0.0,2.6938034523628094,183.69821324529929,-0.78,1.870576849413776
Aromatic_43,Ic1ccccc1,7.0,7.0,7.0,0.0,1.0,0.0,1.0,0.0,0.0,0.0,204.01,58.738500000000016,0.0,1.947358532764349,0.0095454072017006,0.0,2.2912,39.15900000000001,0.0,3.4731904377335057,0.0633851609840991,-0.0621949266238613,-6.216092455583559e-18,1.0,1.0,0.0,3.0214653097240864,134.10736969541455,-0.05,1.468848146829635
Aromatic_44,Fc1ccc(C)cc1,8.0,8.0,8.0,0.0,1.0,0.0,1.0,0.0,0.0,0.0,110.131,46.70549999999999,0.0,2.015405359107218,0.0183000730112969,0.0,2.13412,31.137,0.1428571428571428,2.357987766794323,0.1227268656454185,-0.2070121716647162,-1.8503717077085946e-18,1.0,1.0,0.0,3.0324555320336755,143.24662946459569,-0.8500000000000001,1.0594030875809968
Aromatic_45,Ic1ccc(O)cc1,8.0,8.0,8.0,0.0,1.0,0.0,2.0,1.0,1.0,0.0,220.009,61.23570000000002,24.276,2.284775871319092,0.0103849199847923,20.23,1.9968,40.82380000000001,0.0,3.5928224288638413,0.2930920808122449,-0.507965714881309,-8.540177112501206e-18,1.0,1.0,0.0,3.0324555320336755,147.38833891467198,-0.25,1.3647271531886918
Aromatic_46,Brc1ccc(N)cc1,8.0,8.0,8.0,0.0,1.0,0.0,2.0,1.0,1.0,0.0,172.02499999999998,57.83160000000001,31.224,2.2904946817369307,0.0133148941631857,26.02,2.0313,38.55440000000001,0.0,2.97458477762011,0.1562157547455787,-0.39872778567861,-4.212899870229388e-18,1.0,1.0,0.0,3.0324555320336755,147.38833891467198,-0.5,1.234072022160665
Aromatic_47,CCc1ccc(C(=O)N)cc1,11.0,11.0,11.0,2.0,1.0,0.0,2.0,1.0,1.0,0.0,149.193,66.50685000000003,51.708000000000006,2.651741051125032,0.0177738971221916,43.09,1.3479,44.33790000000002,0.2222222222222222,2.243272651715234,0.24819545160864,-0.3655995093554002,-2.5232341468753562e-18,1.0,1.0,0.0,2.9138015626758045,250.77017257091032,-1.31,1.802305551397824
Aromatic_48,Cc1ccc(Br)cc1,8.0,8.0,8.0,0.0,1.0,0.0,1.0,0.0,0.0,0.0,171.03700000000003,58.31850000000003,0.0,2.290242871626261,0.013390335764986,0.0,2.7575200000000013,38.87900000000002,0.1428571428571428,2.9328085781903064,0.0634692290108902,-0.0582043389752868,2.3129646346357432e-19,1.0,1.0,0.0,3.0324555320336755,143.24662946459569,-0.3,1.3382187267509833
Aromatic_49,C(=O)Oc1ccc(OC)cc1,11.0,11.0,11.0,3.0,1.0,0.0,3.0,0.0,3.0,0.0,152.149,59.52900000000003,42.636,2.6351538817337485,0.0173195608542559,35.53,1.2304,39.68600000000002,0.125,2.555880284300419,0.2979959978405383,-0.4967638003234693,1.0956148269327202e-18,1.0,1.0,0.0,2.7366739543410024,227.59741592488743,-1.5099999999999998,1.9650480959181804
Aromatic_50,CCc1ccc(CC)cc1,10.0,10.0,10.0,2.0,1.0,0.0,0.0,0.0,0.0,0.0,134.22199999999998,67.79700000000004,0.0,2.499840239140584,0.0186246682400494,0.0,2.811400000000001,45.19800000000003,0.4,1.979763087160742,0.0625702679035605,-0.0612941353776013,2.8912057932946786e-18,1.0,1.0,0.0,2.7972512629697874,160.69821324529929,-0.78,1.598288065805947
Aromatic_51,Nc1ccc(C)cc1,8.0,8.0,8.0,0.0,1.0,0.0,1.0,1.0,1.0,0.0,107.156,53.38710000000001,31.224,2.0284266789732217,0.0189296601220982,26.02,1.57722,35.59140000000001,0.1428571428571428,2.007151502757192,0.1562157479611201,-0.3987285645842668,2.2449362630288093e-18,1.0,1.0,0.0,3.0324555320336755,143.24662946459569,-0.98,0.9971092570832982
Aromatic_52,Ic1ccc([N+](=O)[O-])cc1,10.0,10.0,10.0,1.0,1.0,0.0,4.0,0.0,2.0,0.0,249.007,68.72010000000003,51.768,2.7888270861718416,0.0111997938811842,43.14,2.1994,45.813400000000016,0.0,3.6234958385756726,0.2689965872842944,-0.2583096303087625,9.912705577010326e-19,1.0,1.0,0.0,3.003400684579817,244.4296583765568,-0.65,1.66292345242604
Aromatic_53,C(=O)Oc1ccc([N+](=O)[O-])cc1,12.0,12.0,12.0,3.0,1.0,0.0,5.0,0.0,4.0,0.0,167.12,59.68260000000002,83.32799999999999,2.7627123517030725,0.0165313088509559,69.44,1.13,39.78840000000002,0.0,2.800146059318024,0.2979960270919199,-0.4287557140973165,-5.510298100161622e-18,1.0,1.0,0.0,2.846340723505505,292.77961501386244,-1.91,1.7859221037811126
Aromatic_54,OCc1ccc(C(=O)O)cc1,11.0,11.0,11.0,2.0,1.0,0.0,3.0,2.0,2.0,0.0,152.149,58.98615000000001,69.036,2.6455511442700987,0.0173878969094913,57.53,0.8771,39.32410000000001,0.125,2.579402070157112,0.3351785978320344,-0.4776392486451203,-4.017254365419975e-18,1.0,1.0,0.0,2.9138015626758045,250.54461008172763,-1.35,1.782313713613438
Aromatic_55,CCCc1ccc(C(=O)O)cc1,12.0,12.0,12.0,3.0,1.0,0.0,2.0,1.0,1.0,0.0,164.20399999999998,71.09445000000004,44.76,2.985390509235552,0.0181809851833972,37.3,2.3373,47.396300000000025,0.3,2.309659863608763,0.3351785745121227,-0.4776392487069998,-7.517135062566165e-18,1.0,1.0,0.0,2.780862288870475,261.6719978261822,-1.31,2.087500407228809
Aromatic_56,Oc1ccc(CCC)cc1,10.0,10.0,10.0,2.0,1.0,0.0,1.0,1.0,1.0,0.0,136.19400000000002,63.15270000000002,24.276,2.610224276108851,0.0191654864160195,20.23,2.3447000000000005,42.10180000000002,0.3333333333333333,2.156582344751968,0.2930920704962901,-0.5079666452523571,-6.308085367188392e-19,1.0,1.0,0.0,2.6938034523628094,188.3881691811921,-0.98,1.7608451250134962
Aromatic_57,Ic1ccc(C)cc1,8.0,8.0,8.0,0.0,1.0,0.0,1.0,0.0,0.0,0.0,218.037,65.84400000000002,0.0,2.277409376217514,0.010445059167813,0.0,2.5996200000000007,43.896000000000015,0.1428571428571428,3.311417846555223,0.0633951204535094,-0.0582741195188332,1.1564823173178713e-18,1.0,1.0,0.0,3.0324555320336755,143.24662946459569,-0.05,1.4725878134390549
Aromatic_58,C(=O)Nc1ccc(F)cc1,10.0,10.0,10.0,2.0,1.0,0.0,3.0,1.0,1.0,0.0,139.129,54.130050000000026,34.92,2.4129439141922444,0.0173432131104876,29.1,1.394,36.086700000000015,0.0,2.5702728416051177,0.2110124858586856,-0.3286945415900931,8.239936510889834e-18,1.0,1.0,0.0,2.7828495900077543,219.5526454939854,-1.38,1.5485255109446892
Aromatic_59,Clc1ccc(N)cc1,8.0,8.0,8.0,0.0,1.0,0.0,2.0,1.0,1.0,0.0,127.57399999999998,53.796600000000005,31.224,2.2090667895035025,0.0173159638499031,26.02,1.9222,35.8644,0.0,2.3714137627393965,0.1562157577094149,-0.3987274473310653,-6.938893903907228e-18,1.0,1.0,0.0,3.0324555320336755,147.38833891467198,-0.6900000000000001,1.138019488647966
Aromatic_60,Oc1ccc(C(=O)N)cc1,10.0,10.0,10.0,1.0,1.0,0.0,3.0,2.0,2.0,0.0,137.138,54.937050000000006,75.984,2.4021572158579563,0.0175163499419679,63.31999999999999,0.4911000000000001,36.6247,0.0,2.496275236907056,0.2930920751768278,-0.5079661964758977,3.673532066774415e-18,1.0,1.0,0.0,3.003400684579817,240.2879489264805,-1.5099999999999998,1.2539046385226678
Aromatic_61,Oc1ccc(F)cc1,8.0,8.0,8.0,0.0,1.0,0.0,2.0,1.0,1.0,0.0,112.103,42.0972,24.276,1.9969087358195947,0.0178131603793514,20.23,1.5313,28.064799999999995,0.0,2.662956142856149,0.293092106703904,-0.5079633944920985,-3.202566417187952e-18,1.0,1.0,0.0,3.0324555320336755,147.38833891467198,-1.05,0.9641693455260448
Aromatic_62,Clc1ccc(Br)cc1,8.0,8.0,8.0,0.0,1.0,0.0,2.0,0.0,0.0,0.0,191.455,58.72800000000001,0.0,2.5779993666172683,0.0134653017845027,0.0,3.102500000000001,39.15200000000001,0.0,3.2600292320523554,0.0638803467732268,-0.0843431332218139,-1.734723475976807e-18,1.0,1.0,0.0,3.0324555320336755,147.38833891467198,-0.01,1.4945035025015008
Aromatic_63,Ic1ccc(CC)cc1,9.0,9.0,9.0,1.0,1.0,0.0,1.0,0.0,0.0,0.0,232.064,72.80550000000002,0.0,2.573463989686105,0.0110894579882991,0.0,2.853600000000001,48.53700000000002,0.25,3.1874514537026526,0.0633952929067363,-0.0612941283563779,-2.6020852139652106e-18,1.0,1.0,0.0,2.8815558776461354,176.26405299160078,-0.05,1.9709029953957384
Aromatic_64,C(=O)Oc1ccc(C#N)cc1,11.0,11.0,11.0,2.0,1.0,0.0,3.0,0.0,3.0,0.0,147.133,56.77350000000003,60.108,2.6369002861801056,0.0179218820268615,50.09,1.09348,37.84900000000002,0.0,2.591578771934462,0.2979959744931768,-0.4287630707403742,-2.168404344971009e-17,1.0,1.0,0.0,2.841897617104593,283.9555222602951,-1.82,1.798454410853802
Aromatic_65,NCc1ccc(O)cc1,9.0,9.0,9.0,1.0,1.0,0.0,2.0,2.0,2.0,0.0,123.15499999999996,53.99730000000002,55.5,2.251473472868499,0.0182816244130313,46.25,0.8509,35.99820000000001,0.1428571428571428,2.280762144019012,0.293092070569842,-0.5079666315685802,-1.002284675008822e-17,1.0,1.0,0.0,2.881555877646136,180.61256853719752,-1.02,1.435851175012691
Aromatic_66,C(=O)Nc1ccc(C(=O)N)cc1,12.0,12.0,12.0,3.0,1.0,0.0,4.0,2.0,2.0,0.0,164.16399999999996,66.96990000000001,86.628,2.806149262068181,0.0170935725553386,72.19,0.3538000000000002,44.64660000000001,0.0,2.451310178881703,0.2481976995132463,-0.3655994941398382,-1.0408340855860842e-18,1.0,1.0,0.0,2.846340723505505,292.4310994682657,-1.84,1.820194512708767
Aromatic_67,Cc1ccc([N+](=O)[O-])cc1,10.0,10.0,10.0,1.0,1.0,0.0,3.0,0.0,2.0,0.0,137.138,56.75010000000003,51.768,2.370932283048279,0.0172886600778749,43.14,1.90322,37.83340000000002,0.1428571428571428,2.4165243335866475,0.268941455617335,-0.258309636215898,1.204102177442725e-17,1.0,1.0,0.0,3.003400684579817,240.2879489264805,-1.38,1.3128403334329586
Aromatic_68,C(=O)Nc1ccc(NC)cc1,11.0,11.0,11.0,3.0,1.0,0.0,3.0,2.0,2.0,0.0,150.18099999999998,68.51310000000002,49.356,2.6630424827598302,0.017732219555254,41.13,1.2966,45.67540000000002,0.125,2.192004124875328,0.2110124796505924,-0.388120021868,4.708535149079905e-18,1.0,1.0,0.0,2.7366739543410024,230.35230342705088,-1.5099999999999998,1.9650480959181804
Aromatic_69,Ic1ccc(C(=O)N)cc1,10.0,10.0,10.0,1.0,1.0,0.0,3.0,1.0,1.0,0.0,247.035,71.51535000000001,51.708000000000006,2.8028389787093624,0.011345918462418,43.09,1.3901,47.67690000000001,0.0,3.454293330672459,0.2481963494258024,-0.3655995033506838,3.0357660829594124e-18,1.0,1.0,0.0,3.003400684579817,242.2879489264805,-0.5800000000000001,1.6981221612425348
Aromatic_70,OCc1ccc(CC)cc1,10.0,10.0,10.0,2.0,1.0,0.0,1.0,1.0,1.0,0.0,136.194,62.614200000000025,24.276,2.490810055247582,0.0182886914031373,20.23,1.7413,41.74280000000002,0.3333333333333333,2.175129568450453,0.2105281973764459,-0.3916804657028051,3.3117448177739054e-18,1.0,1.0,0.0,2.7972512629697874,165.3881691811921,-0.8200000000000001,1.5785944584266869
Aromatic_71,C(=O)Nc1ccccc1,9.0,9.0,9.0,2.0,1.0,0.0,2.0,1.0,1.0,0.0,121.13899999999995,54.193050000000014,34.92,2.1589597734134527,0.0178221692072023,29.1,1.2549,36.12870000000001,0.0,2.2353234919362617,0.2110124611616084,-0.3286980306285245,9.974659986866641e-18,1.0,1.0,0.0,2.719528532842932,183.367456039361,-1.31,1.5671993724978988
Aromatic_72,Fc1ccc(Br)cc1,8.0,8.0,8.0,0.0,1.0,0.0,2.0,0.0,0.0,0.0,175.0,51.150000000000006,0.0,2.303349303377236,0.013161995944087,0.0,2.5882000000000005,34.1,0.0,3.4213098060349987,0.1227863961752119,-0.2070111413243225,-2.8912057932946786e-18,1.0,1.0,0.0,3.0324555320336755,147.38833891467198,-0.3700000000000001,1.301420976978959
Aromatic_73,Nc1ccc(C(=O)O)cc1,10.0,10.0,10.0,1.0,1.0,0.0,3.0,2.0,2.0,0.0,137.138,56.72055000000002,75.98400000000001,2.402620788033993,0.017519730275447,63.32000000000001,0.967,37.81370000000001,0.0,2.417783282817545,0.3351808337675886,-0.4776392362026082,-8.163404592832033e-19,1.0,1.0,0.0,3.003400684579817,240.2879489264805,-1.5099999999999998,1.2539046385226678
Aromatic_74,Fc1ccc(C(=O)O)cc1,10.0,10.0,10.0,1.0,1.0,0.0,3.0,1.0,1.0,0.0,140.113,50.03895,44.76,2.4027976610083743,0.0171489986215367,37.3,1.5239,33.3593,0.0,2.8000786827046,0.3351817344237512,-0.4776392313687754,-1.2490009027033013e-17,1.0,1.0,0.0,3.003400684579817,240.2879489264805,-1.38,1.3128403334329586
Aromatic_75,Nc1ccc(F)cc1,8.0,8.0,8.0,0.0,1.0,0.0,2.0,1.0,1.0,0.0,111.119,46.2186,31.224,2.005917207963472,0.0180519730191191,26.02,1.4079,30.8124,0.0,2.404205181372755,0.1562157697253628,-0.3987260786638387,2.4781763942525816e-18,1.0,1.0,0.0,3.0324555320336755,147.38833891467198,-1.05,0.9641693455260448
Aromatic_76,Fc1ccc(C(=O)N)cc1,10.0,10.0,10.0,1.0,1.0,0.0,3.0,1.0,1.0,0.0,139.12900000000002,52.376850000000005,51.708000000000006,2.406449148324027,0.0172965314997412,43.09,0.9246,34.9179,0.0,2.6563070773384223,0.2481985885912987,-0.3655994882801228,8.239936510889834e-18,1.0,1.0,0.0,3.003400684579817,242.2879489264805,-1.38,1.3128403334329586
Aromatic_77,Brc1ccccc1,7.0,7.0,7.0,0.0,1.0,0.0,1.0,0.0,0.0,0.0,157.01,51.21300000000001,0.0,1.971795915136883,0.0125584096718583,0.0,2.4491000000000005,34.142,0.0,3.0658230709815264,0.0634592670356189,-0.0621899905650267,3.7585675312830826e-18,1.0,1.0,0.0,3.0214653097240864,134.10736969541455,-0.3,1.3161241356046551
Aromatic_78,CCc1ccc(N)cc1,9.0,9.0,9.0,1.0,1.0,0.0,1.0,1.0,1.0,0.0,121.18299999999998,60.348600000000005,31.224,2.2707498496060565,0.0187381879543159,26.02,1.8312,40.232400000000005,0.25,2.0080498634922783,0.156215747970459,-0.3987285623758841,6.938893903907231e-19,1.0,1.0,0.0,2.881555877646136,176.26405299160075,-0.98,1.4567376919048354
Aromatic_79,Clc1ccc(I)cc1,8.0,8.0,8.0,0.0,1.0,0.0,2.0,0.0,0.0,0.0,238.455,66.25350000000002,0.0,2.6024136183242086,0.0109136466310648,0.0,2.944600000000001,44.16900000000001,0.0,3.59913055764404,0.0638778216178341,-0.084343217974955,4.192248400277284e-18,1.0,1.0,0.0,3.0324555320336755,147.38833891467198,0.2399999999999999,1.63398193359375
Aromatic_80,Ic1ccc(Cl)cc1,8.0,8.0,8.0,0.0,1.0,0.0,2.0,0.0,0.0,0.0,238.455,66.25350000000002,0.0,2.602413699881436,0.0109136469730883,0.0,2.944600000000001,44.16900000000001,0.0,3.59913055764404,0.0638778216178341,-0.084343217974955,4.192248400277284e-18,1.0,1.0,0.0,3.0324555320336755,147.38833891467198,0.2399999999999999,1.63398193359375
Aromatic_81,Brc1ccc(NC)cc1,9.0,9.0,9.0,1.0,1.0,0.0,2.0,1.0,1.0,0.0,186.052,65.53305000000002,14.435999999999998,2.5974294245812675,0.0139607712393336,12.03,2.4908,43.68870000000001,0.1428571428571428,2.8390559749766564,0.1597001849422466,-0.3881210252537367,-3.418425673248414e-18,1.0,1.0,0.0,2.8815558776461354,180.61256853719755,-0.5,1.7155009451795842
Aromatic_82,Brc1ccc(F)cc1,8.0,8.0,8.0,0.0,1.0,0.0,2.0,0.0,0.0,0.0,174.99999999999997,51.150000000000006,0.0,2.303349153591284,0.0131619950881673,0.0,2.5882000000000005,34.1,0.0,3.4213098060349982,0.1227863961752119,-0.2070111413243225,-2.8912057932946786e-18,1.0,1.0,0.0,3.0324555320336755,147.38833891467198,-0.37,1.3014209769789584
Aromatic_83,Fc1ccc(F)cc1,8.0,8.0,8.0,0.0,1.0,0.0,2.0,0.0,0.0,0.0,114.094,39.53699999999999,0.0,1.995575960585622,0.0174906300339631,0.0,1.9648,26.358,0.0,2.885752513196437,0.1229147977415928,-0.2070088831233159,1.61907524424502e-17,1.0,1.0,0.0,3.0324555320336755,145.38833891467198,-0.9200000000000002,1.025681072793961
Aromatic_84,NCc1ccc(F)cc1,9.0,9.0,9.0,1.0,1.0,0.0,2.0,1.0,1.0,0.0,125.14599999999996,51.437100000000015,31.224,2.2523368294473545,0.017997673209289,26.02,1.2844,34.29140000000001,0.1428571428571428,2.4329909261410347,0.1227288616350237,-0.3264974785683287,-5.102127870520021e-18,1.0,1.0,0.0,2.881555877646136,180.61256853719752,-0.8900000000000001,1.5041227606108942
Aromatic_85,Clc1ccc(O)cc1,8.0,8.0,8.0,0.0,1.0,0.0,2.0,1.0,1.0,0.0,128.55799999999996,49.6752,24.276,2.203435554225865,0.0171396220934227,20.23,2.0456,33.116800000000005,0.0,2.5879714105233305,0.2930920867052697,-0.5079651858460357,-1.1742743529689157e-17,1.0,1.0,0.0,3.0324555320336755,147.38833891467198,-0.6900000000000001,1.138019488647966
Aromatic_86,NCc1ccc(CC)cc1,10.0,10.0,10.0,2.0,1.0,0.0,1.0,1.0,1.0,0.0,135.20999999999998,65.56710000000004,31.224,2.4988545641878512,0.018481285006335,26.02,1.7077,43.711400000000026,0.3333333333333333,2.0621622420060923,0.1187130067137796,-0.3264975038830328,1.5084551965015713e-18,1.0,1.0,0.0,2.7972512629697874,165.3881691811921,-0.8200000000000001,1.5785944584266869
Aromatic_87,C(=O)Oc1ccc(C(=O)N)cc1,12.0,12.0,12.0,3.0,1.0,0.0,4.0,1.0,3.0,0.0,165.14799999999997,62.47785000000002,83.268,2.7940243833274234,0.0169183058009126,69.39,0.3207000000000001,41.65190000000001,0.0,2.6433047449087184,0.2979959691371371,-0.4287638127456889,1.8260247115545337e-18,1.0,1.0,0.0,2.846340723505505,291.67621196610224,-1.84,1.820194512708767
Aromatic_88,Brc1ccc(C#N)cc1,9.0,9.0,9.0,0.0,1.0,0.0,2.0,0.0,1.0,0.0,182.02,58.28550000000002,28.548,2.562690034454316,0.0140791672364308,23.79,2.32078,38.85700000000001,0.0,3.122903584546694,0.0991101732617849,-0.1924370410810625,8.807057647266866e-18,1.0,1.0,0.0,3.056038396227261,232.0882179862608,-0.81,1.546690553371331
Aromatic_89,Fc1ccc(O)cc1,8.0,8.0,8.0,0.0,1.0,0.0,2.0,1.0,1.0,0.0,112.10299999999998,42.0972,24.276,1.996908825714468,0.0178131611812467,20.23,1.5313,28.064799999999995,0.0,2.662956142856149,0.293092106703904,-0.5079633944920985,-3.202566417187952e-18,1.0,1.0,0.0,3.0324555320336755,147.38833891467198,-1.05,0.9641693455260448
Aromatic_90,NCc1ccc(NC)cc1,10.0,10.0,10.0,2.0,1.0,0.0,2.0,2.0,2.0,0.0,136.19799999999998,65.82015000000003,45.66,2.5294598401910875,0.018571930730401,38.05,1.187,43.88010000000002,0.25,2.069244721118916,0.1597001781958483,-0.3881217917067325,-7.254298172266649e-18,1.0,1.0,0.0,2.7972512629697874,167.91749419417292,-1.02,1.4815230258237757
Aromatic_91,Nc1ccc(CCC)cc1,10.0,10.0,10.0,2.0,1.0,0.0,1.0,1.0,1.0,0.0,135.21,67.27410000000003,31.224,2.6150128851178573,0.019340380635881,26.02,2.2213000000000003,44.84940000000002,0.3333333333333333,2.0098373369567577,0.1562157479704761,-0.3987285623675141,6.033820786006285e-19,1.0,1.0,0.0,2.6938034523628094,188.3881691811921,-0.98,1.7608451250134962
Aromatic_92,Cc1ccc(C#N)cc1,9.0,9.0,9.0,0.0,1.0,0.0,1.0,0.0,1.0,0.0,117.151,53.84100000000001,28.548,2.276647184208751,0.0194334420088203,23.79,1.8667,35.894000000000005,0.125,2.175869649971775,0.0991091760115159,-0.192437048778436,5.854691731421724e-18,1.0,1.0,0.0,3.056038396227261,227.73970244066405,-1.29,1.2977331324686734
Aromatic_93,OCc1ccc(NC)cc1,10.0,10.0,10.0,2.0,1.0,0.0,2.0,2.0,2.0,0.0,137.182,62.86725000000003,38.712,2.521234432992032,0.0183787553368027,32.26,1.2206,41.91150000000002,0.25,2.182090004221752,0.2105281974633151,-0.3916804475018207,7.000848313763543e-18,1.0,1.0,0.0,2.7972512629697874,169.91749419417292,-1.02,1.4815230258237757
Aromatic_94,Nc1ccc(N)cc1,8.0,8.0,8.0,0.0,1.0,0.0,2.0,2.0,2.0,0.0,108.144,52.900200000000005,62.44799999999999,2.018205678830209,0.0186622065039946,52.04,0.8510000000000002,35.2668,0.0,2.0443022513279296,0.1562157636607283,-0.3987267865528651,-6.0715321659188256e-18,1.0,1.0,0.0,3.0324555320336755,145.38833891467198,-1.1800000000000002,0.90414189560934
Aromatic_95,C(=O)Nc1ccc(OC)cc1,11.0,11.0,11.0,3.0,1.0,0.0,3.0,1.0,2.0,0.0,151.165,64.02105000000003,45.996,2.670998811267591,0.017669426081422,38.33,1.2635,42.680700000000016,0.125,2.3611764824042005,0.2110124940149967,-0.4967658884002521,8.326672684688674e-18,1.0,1.0,0.0,2.7366739543410024,230.35230342705088,-1.5099999999999998,1.9650480959181804
Aromatic_96,Cc1ccc(C(=O)N)cc1,10.0,10.0,10.0,1.0,1.0,0.0,2.0,1.0,1.0,0.0,135.16600000000005,59.54535000000001,51.708000000000006,2.4114295733627094,0.0178405039397644,43.09,1.09392,39.69690000000001,0.125,2.269967306095819,0.2481954488163078,-0.3655995093645,2.373832125020894e-18,1.0,1.0,0.0,3.003400684579817,237.9394333808837,-1.31,1.34501586290279
Aromatic_97,Nc1ccccc1,7.0,7.0,7.0,0.0,1.0,0.0,1.0,1.0,1.0,0.0,93.129,46.2816,31.224,1.7603004480845663,0.0189017430572949,26.02,1.2688,30.8544,0.0,2.012225117277166,0.1562157456201647,-0.3987288294865909,-3.469446951953614e-18,1.0,1.0,0.0,3.0214653097240864,134.10736969541455,-0.98,0.9290591797144502
Aromatic_98,Clc1ccc(C(=O)O)cc1,10.0,10.0,10.0,1.0,1.0,0.0,3.0,1.0,1.0,0.0,156.568,57.61695000000002,44.76,2.625637860880355,0.0167699519960043,37.3,2.0382,38.41130000000001,0.0,2.7173947472506828,0.3351799931332665,-0.4776392409451694,-8.789265611615822e-18,1.0,1.0,0.0,3.003400684579817,240.2879489264805,-1.02,1.4815230258237757
Aromatic_99,Oc1ccccc1,7.0,7.0,7.0,0.0,1.0,0.0,1.0,1.0,1.0,0.0,94.113,42.16019999999999,24.276,1.746489201524716,0.0185573638388676,20.23,1.3922,28.1068,0.0,2.232271141212064,0.2930920665845634,-0.5079669948663066,-1.3877787807814457e-17,1.0,1.0,0.0,3.0214653097240864,134.10736969541455,-0.98,0.9290591797144502
Aromatic_100,Clc1ccc([N+](=O)[O-])cc1,10.0,10.0,10.0,1.0,1.0,0.0,4.0,0.0,2.0,0.0,157.556,57.159600000000026,51.768,2.593874573269681,0.0164631912260179,43.14,2.2482,38.106400000000015,0.0,2.7564223200228417,0.2690274269930105,-0.2583096269394141,-1.4869058365515489e-18,1.0,1.0,0.0,3.003400684579817,244.4296583765568,-1.09,1.4481065722834785
Aromatic_101,CCc1ccc(Br)cc1,9.0,9.0,9.0,1.0,1.0,0.0,1.0,0.0,0.0,0.0,185.064,65.28000000000003,0.0,2.57236984578899,0.0138998931822996,0.0,3.0115000000000016,43.52000000000002,0.25,2.834926427161052,0.063469401512439,-0.0612941277028841,1.9274705288631194e-19,1.0,1.0,0.0,2.881555877646136,176.26405299160075,-0.3,1.8275476660092045
Aromatic_102,Brc1ccc(C(=O)N)cc1,10.0,10.0,10.0,1.0,1.0,0.0,3.0,1.0,1.0,0.0,200.035,63.98985000000001,51.708000000000006,2.775227424494593,0.0138737091540024,43.09,1.548,42.65990000000001,0.0,3.126042596973697,0.2481964326023137,-0.3655995027917957,2.8189256484623123e-18,1.0,1.0,0.0,3.003400684579817,242.2879489264805,-0.8300000000000001,1.5736854658634327
Aromatic_103,Fc1ccc(CCC)cc1,10.0,10.0,10.0,2.0,1.0,0.0,1.0,0.0,0.0,0.0,138.185,60.59250000000003,0.0,2.613295369609116,0.0189115703636251,0.0,2.778200000000001,40.39500000000002,0.3333333333333333,2.280562738283405,0.1227272160013084,-0.2070121687463921,-1.4869058365515489e-18,1.0,1.0,0.0,2.6938034523628094,188.3881691811921,-0.8500000000000001,1.831908245694254
Aromatic_104,NCc1ccc(OC)cc1,10.0,10.0,10.0,2.0,1.0,0.0,2.0,1.0,2.0,0.0,137.182,61.32810000000004,42.3,2.5130101147263577,0.0183188034611505,35.25,1.1539,40.885400000000025,0.25,2.236853868995551,0.1187130068523683,-0.4967682051547309,-4.791141028888324e-18,1.0,1.0,0.0,2.7972512629697874,169.91749419417292,-1.02,1.4815230258237757
Aromatic_105,Nc1ccc(C#N)cc1,9.0,9.0,9.0,0.0,1.0,0.0,2.0,1.0,2.0,0.0,118.139,53.35410000000002,59.772,2.268887941211628,0.0192052406233876,49.81,1.14048,35.569400000000016,0.0,2.214244037210934,0.1562157558030887,-0.3987276572834237,0.0,1.0,1.0,0.0,3.056038396227261,230.0882179862608,-1.4899999999999998,1.1987500554498864
Aromatic_106,c1ccc2ccccc2c1,10.0,10.0,11.0,0.0,2.0,0.0,0.0,0.0,0.0,0.0,128.17399999999995,65.92200000000004,0.0,2.10447504046429,0.0164188916944575,0.0,2.839800000000001,43.94800000000003,0.0,1.944328115889563,0.0629238415825831,-0.061629711446875,-9.251858538542969e-18,2.0,2.0,0.0,2.888051601657992,271.01518240905483,-1.2999999999999998,0.7805335436910606
Aromatic_107,Oc1ccc(C#N)cc1,9.0,9.0,9.0,0.0,1.0,0.0,2.0,1.0,2.0,0.0,119.123,49.23270000000001,52.82399999999999,2.261413894211659,0.0189838559743106,44.02,1.26388,32.8218,0.0,2.419590995017721,0.2930920835325342,-0.5079654606272546,-4.956352788505163e-18,1.0,1.0,0.0,3.056038396227261,232.0882179862608,-1.4899999999999998,1.1987500554498864
Aromatic_108,C(=O)Oc1ccc(Cl)cc1,10.0,10.0,10.0,2.0,1.0,0.0,3.0,0.0,2.0,0.0,156.56799999999998,57.21600000000002,31.56,2.613490907806385,0.0166923693929411,26.3,1.8752,38.14400000000001,0.0,2.7364373123525345,0.2979959765267986,-0.4287627936446449,9.251858538542973e-19,1.0,1.0,0.0,2.7828495900077543,217.5526454939854,-1.02,1.739178486124621
Aromatic_109,Oc1ccc(Cl)cc1,8.0,8.0,8.0,0.0,1.0,0.0,2.0,1.0,1.0,0.0,128.558,49.6752,24.276,2.2034357112997447,0.017139623315236,20.23,2.0456,33.1168,0.0,2.587971410523332,0.2930920867052697,-0.5079651858460357,-1.1742743529689157e-17,1.0,1.0,0.0,3.0324555320336755,147.38833891467198,-0.6900000000000001,1.138019488647966
Aromatic_110,Oc1ccc(Br)cc1,8.0,8.0,8.0,0.0,1.0,0.0,2.0,1.0,1.0,0.0,173.009,53.710200000000015,24.276,2.290662787822995,0.0132401364933781,20.23,2.1547,35.80680000000001,0.0,3.2211571876262384,0.2930920817724248,-0.507965628687595,-9.07393818203253e-18,1.0,1.0,0.0,3.0324555320336755,147.38833891467198,-0.5000000000000001,1.234072022160665
Aromatic_111,Cc1ccc(NC)cc1,9.0,9.0,9.0,1.0,1.0,0.0,1.0,1.0,1.0,0.0,121.183,61.088550000000026,14.435999999999998,2.29543587607756,0.0189418966120302,12.03,2.03672,40.72570000000002,0.25,1.9837268688857908,0.1597001781421905,-0.3881218043789287,7.892991815694472e-18,1.0,1.0,0.0,2.8815558776461354,176.26405299160078,-0.98,1.4567376919048354
Aromatic_112,CCc1ccc(OC)cc1,10.0,10.0,10.0,2.0,1.0,0.0,1.0,0.0,1.0,0.0,136.194,63.55800000000004,11.076,2.5136353800470523,0.0184562856042906,9.23,2.2576,42.37200000000002,0.3333333333333333,2.1428301371529908,0.1183777329843997,-0.4967682188600883,1.1039149392579681e-18,1.0,1.0,0.0,2.7972512629697874,165.3881691811921,-0.98,1.500749219562955
Aromatic_113,C(=O)Nc1ccc(Cl)cc1,10.0,10.0,10.0,2.0,1.0,0.0,3.0,1.0,1.0,0.0,155.584,61.70805000000002,34.92,2.6274363506899494,0.0168875741323167,29.1,1.9083,41.138700000000014,0.0,2.521291751703517,0.2110124735478115,-0.3286962775471063,7.806255641895632e-18,1.0,1.0,0.0,2.7828495900077543,219.5526454939854,-1.02,1.739178486124621
Aromatic_114,CCc1ccc(NC)cc1,10.0,10.0,10.0,2.0,1.0,0.0,1.0,1.0,1.0,0.0,135.20999999999998,68.05005000000003,14.435999999999998,2.530276732353061,0.018713680302044,12.03,2.2907,45.36670000000002,0.3333333333333333,1.9869198922422544,0.1597001781515521,-0.3881218021693204,1.0578042065467269e-17,1.0,1.0,0.0,2.7972512629697874,165.3881691811921,-0.98,1.500749219562955
Aromatic_115,OCc1ccc(N)cc1,9.0,9.0,9.0,1.0,1.0,0.0,2.0,2.0,2.0,0.0,123.155,55.1658,55.5,2.2568267212784106,0.01832509198127,46.25,0.7611,36.7772,0.1428571428571428,2.2324519497142803,0.2105281974632991,-0.3987285440563161,2.120217581749431e-18,1.0,1.0,0.0,2.881555877646136,180.61256853719752,-1.02,1.435851175012691
Aromatic_116,NCc1ccc(C(=O)O)cc1,11.0,11.0,11.0,2.0,1.0,0.0,3.0,2.0,2.0,0.0,151.165,61.939050000000016,75.98400000000001,2.642956362817927,0.0174839172118811,63.32000000000001,0.8435000000000001,41.29270000000001,0.125,2.440544334461953,0.3351785878185001,-0.4776392486716436,-9.367506770274759e-18,1.0,1.0,0.0,2.9138015626758045,253.2994975838911,-1.35,1.782313713613438
Aromatic_117,Oc1ccc(NC)cc1,9.0,9.0,9.0,1.0,1.0,0.0,2.0,2.0,2.0,0.0,123.155,56.48025000000001,38.712,2.2817291672793143,0.0185272960801592,32.26,1.4339,37.65350000000001,0.1428571428571428,2.1804966836992272,0.2930920966201263,-0.5079643191599673,-2.0720308185278533e-18,1.0,1.0,0.0,2.8815558776461354,180.61256853719755,-1.1800000000000002,1.3533930115039927
Aromatic_118,CCc1ccc(C#N)cc1,10.0,10.0,10.0,1.0,1.0,0.0,1.0,0.0,1.0,0.0,131.178,60.80250000000004,28.548,2.510893861277037,0.0191411200211614,23.79,2.12068,40.535000000000025,0.2222222222222222,2.157444148555664,0.0991091788310533,-0.1924370487678361,3.652049423109067e-18,1.0,1.0,0.0,2.9302756154154803,240.4259307104467,-1.29,1.354264940657072
Aromatic_119,Brc1ccc(O)cc1,8.0,8.0,8.0,0.0,1.0,0.0,2.0,1.0,1.0,0.0,173.009,53.710200000000015,24.276,2.290662664312812,0.0132401357794835,20.23,2.1547,35.80680000000001,0.0,3.221157187626238,0.2930920817724248,-0.507965628687595,-9.07393818203253e-18,1.0,1.0,0.0,3.0324555320336755,147.38833891467198,-0.5,1.234072022160665
Aromatic_120,CCc1ccc(C)cc1,9.0,9.0,9.0,1.0,1.0,0.0,0.0,0.0,0.0,0.0,120.19499999999996,60.835500000000025,0.0,2.2784826081415583,0.0189565505152877,0.0,2.5574200000000005,40.557000000000016,0.3333333333333333,1.9757378179559977,0.0625700960116465,-0.0612941353882633,2.147752875018904e-18,1.0,1.0,0.0,2.881555877646136,171.73472797861993,-0.78,1.5627607309331124
Aromatic_121,C(=O)Oc1ccc(Br)cc1,10.0,10.0,10.0,2.0,1.0,0.0,3.0,0.0,2.0,0.0,201.019,61.25100000000002,31.56,2.761105031715602,0.0137355425008584,26.3,1.9843,40.83400000000001,0.0,3.281889221696148,0.2979959733646131,-0.428763240163118,-1.3415194880887308e-17,1.0,1.0,0.0,2.7828495900077543,217.5526454939854,-0.8300000000000001,1.842927825404145
Aromatic_122,C(=O)Nc1ccc(C)cc1,10.0,10.0,10.0,2.0,1.0,0.0,2.0,1.0,1.0,0.0,135.16599999999997,61.29855000000003,34.92,2.418894330681593,0.0178957305297623,29.1,1.56332,40.86570000000002,0.125,2.2050439658842818,0.2110124635599449,-0.328697694643505,2.1912296538654404e-18,1.0,1.0,0.0,2.7828495900077543,215.20412994838864,-1.31,1.584972123454423
Aromatic_123,C(=O)Nc1ccc(C#N)cc1,11.0,11.0,11.0,2.0,1.0,0.0,3.0,1.0,2.0,0.0,146.149,61.26555000000002,63.468,2.652323689801065,0.018148079505525,52.89,1.12658,40.84370000000001,0.0,2.385500458487674,0.2110124715950113,-0.3286965438188812,4.4898725260576186e-18,1.0,1.0,0.0,2.841897617104593,283.9555222602951,-1.82,1.798454410853802
Aromatic_124,Ic1ccc(NC)cc1,9.0,9.0,9.0,1.0,1.0,0.0,2.0,1.0,1.0,0.0,233.052,73.05855000000003,14.435999999999998,2.600342930432577,0.011157779891504,12.03,2.3329000000000004,48.70570000000002,0.1428571428571428,3.1899346046433354,0.1597001843640091,-0.3881210911273055,-3.673532066774415e-18,1.0,1.0,0.0,2.8815558776461354,180.61256853719755,-0.25,1.8559302851969213
Aromatic_125,Fc1ccc(C#N)cc1,9.0,9.0,9.0,0.0,1.0,0.0,2.0,0.0,1.0,0.0,121.114,46.6725,28.548,2.2614570307938875,0.018672135443646,23.79,1.69738,31.115,0.0,2.594975572446825,0.1227973401112677,-0.2070109715682664,2.135044278125301e-18,1.0,1.0,0.0,3.056038396227261,232.0882179862608,-1.36,1.2627599072870148
Aromatic_126,c1ccc2c(c1)[nH]c3ccccc23,13.0,13.0,15.0,0.0,3.0,0.0,1.0,1.0,0.0,0.0,167.21099999999998,83.70705000000004,18.948,2.4948679569874086,0.0149204773733003,15.79,3.3211000000000013,55.804700000000025,0.0,1.997573657206009,0.1665476036331896,-0.3545105382525832,1.892425610156517e-18,3.0,2.0,0.0,2.642438259907001,512.8841359099093,-1.7599999999999991,0.8718163214535064
Aromatic_127,NCc1ccccc1,8.0,8.0,8.0,1.0,1.0,0.0,1.0,1.0,1.0,0.0,107.15599999999996,51.5001,31.224,2.0131649699012217,0.0187872349762401,26.02,1.1453,34.333400000000005,0.1428571428571428,2.080694948540004,0.1187130067028307,-0.3264975066178272,-6.734808789086428e-18,1.0,1.0,0.0,2.8320858350070908,145.73281445033504,-0.8200000000000001,1.073981896801325
Aromatic_128,Fc1ccccc1,7.0,7.0,7.0,0.0,1.0,0.0,1.0,0.0,0.0,0.0,96.10399999999998,39.6,0.0,1.738544582714158,0.0180902414532581,0.0,1.8257,26.399999999999995,0.0,2.4268686255841256,0.1227072403493724,-0.2070125221263808,2.8912057932946786e-18,1.0,1.0,0.0,3.0214653097240864,134.10736969541455,-0.8500000000000001,0.9995769964301436
Aromatic_129,CCc1ccc(CCC)cc1,11.0,11.0,11.0,3.0,1.0,0.0,0.0,0.0,0.0,0.0,148.249,74.72250000000005,0.0,2.696751455973469,0.0181906888935694,0.0,3.201500000000002,49.81500000000003,0.4545454545454545,1.9839940849945568,0.0625704406264096,-0.0650654381344574,-1.6704744583480368e-18,1.0,1.0,0.0,2.664537066654608,195.78322454352,-0.78,2.376873799505857
Aromatic_130,Oc1ccc(OC)cc1,9.0,9.0,9.0,1.0,1.0,0.0,2.0,1.0,2.0,0.0,124.13899999999998,51.9882,35.352,2.261590875628748,0.0182182139167427,29.46,1.4008,34.6588,0.1428571428571428,2.387830269410553,0.2930921199549333,-0.5079622349506875,-2.0408511482080084e-18,1.0,1.0,0.0,2.8815558776461354,178.61256853719755,-1.1800000000000002,1.3533930115039927
Aromatic_131,C(=O)Nc1ccc(N)cc1,10.0,10.0,10.0,2.0,1.0,0.0,3.0,2.0,2.0,0.0,136.154,60.811650000000014,66.144,2.4138364467701945,0.0177287221017485,55.120000000000005,0.8371000000000002,40.54110000000001,0.0,2.2389459546164923,0.211012479644441,-0.3987267825637374,2.6984587404083666e-18,1.0,1.0,0.0,2.7828495900077543,217.5526454939854,-1.5099999999999998,1.4816626331899465
Aromatic_132,c1ccc(cc1)c2ccccc2,12.0,12.0,13.0,1.0,2.0,0.0,0.0,0.0,0.0,0.0,154.21199999999996,77.81700000000004,0.0,2.6501907645850267,0.0171853730410062,0.0,3.353600000000002,51.87800000000003,0.0,1.9817263325272567,0.0629238389211995,-0.0622253948936662,-1.5770213417970973e-18,2.0,2.0,0.0,2.457149480139045,297.4313204906765,-1.5599999999999996,1.3739359404482387
Aromatic_133,NCc1ccc(Br)cc1,9.0,9.0,9.0,1.0,1.0,0.0,2.0,1.0,1.0,0.0,186.052,63.050100000000015,31.224,2.570058847929613,0.0138136587304407,26.02,1.9078,42.03340000000001,0.1428571428571428,2.950859666346925,0.1187130067452133,-0.326497495999091,-9.387915281756839e-18,1.0,1.0,0.0,2.881555877646136,180.61256853719752,-0.3400000000000001,1.8049473210371625
Aromatic_134,Nc1ccc(Cl)cc1,8.0,8.0,8.0,0.0,1.0,0.0,2.0,1.0,1.0,0.0,127.574,53.796600000000026,31.224,2.2090667367184715,0.017315963436143,26.02,1.9222,35.86440000000002,0.0,2.371413762739396,0.1562157577094149,-0.3987274473310653,-6.938893903907228e-18,1.0,1.0,0.0,3.0324555320336755,147.38833891467198,-0.6900000000000001,1.138019488647966
Aromatic_135,CCCc1ccc(F)cc1,10.0,10.0,10.0,2.0,1.0,0.0,1.0,0.0,0.0,0.0,138.18499999999997,60.59250000000003,0.0,2.613293285895565,0.0189115552844665,0.0,2.778200000000001,40.39500000000002,0.3333333333333333,2.2805627382834044,0.1227272160013084,-0.2070121687463921,-1.4869058365515489e-18,1.0,1.0,0.0,2.693803452362809,188.3881691811921,-0.8500000000000001,1.831908245694254
Aromatic_136,Fc1ccc(I)cc1,8.0,8.0,8.0,0.0,1.0,0.0,2.0,0.0,0.0,0.0,222.0,58.675500000000014,0.0,2.3027685463436627,0.0103728312431118,0.0,2.430300000000001,39.11700000000001,0.0,3.78352116669613,0.1227814240841798,-0.2070112284425316,-1.1564823173178713e-18,1.0,1.0,0.0,3.0324555320336755,147.38833891467198,-0.1200000000000001,1.4345083512268686
Aromatic_137,Oc1ccc(N)cc1,8.0,8.0,8.0,0.0,1.0,0.0,2.0,2.0,2.0,0.0,109.128,48.7788,55.5,2.008499737044328,0.0184049897243543,46.25,0.9744,32.519200000000005,0.0,2.237201361304473,0.2930920966101822,-0.5079643210254035,2.312964634635743e-18,1.0,1.0,0.0,3.0324555320336755,147.38833891467198,-1.1800000000000002,0.90414189560934
Aromatic_138,OCc1ccc(OC)cc1,10.0,10.0,10.0,2.0,1.0,0.0,2.0,1.0,2.0,0.0,138.166,58.375200000000014,35.352,2.5049830941151643,0.0181302424329062,29.46,1.1875,38.91680000000001,0.25,2.366861229308657,0.210528197540797,-0.4967681948492151,7.979727989493312e-18,1.0,1.0,0.0,2.7972512629697874,167.91749419417292,-1.02,1.4815230258237757
Aromatic_139,CCc1ccc(Cl)cc1,9.0,9.0,9.0,1.0,1.0,0.0,1.0,0.0,0.0,0.0,140.613,61.24500000000003,0.0,2.468305860593408,0.0175538950384353,0.0,2.902400000000001,40.83000000000002,0.25,2.2959098327061818,0.0638503011484442,-0.0843441327428068,1.3492293702041833e-18,1.0,1.0,0.0,2.881555877646136,176.26405299160075,-0.49,1.7210460363481006
Aromatic_140,Cc1ccc(I)cc1,8.0,8.0,8.0,0.0,1.0,0.0,1.0,0.0,0.0,0.0,218.03700000000003,65.84400000000002,0.0,2.277409560332386,0.0104450600122333,0.0,2.5996200000000007,43.896000000000015,0.1428571428571428,3.311417846555224,0.0633951204535094,-0.0582741195188332,1.1564823173178713e-18,1.0,1.0,0.0,3.0324555320336755,143.24662946459569,-0.05,1.4725878134390549
Aromatic_141,Nc1ccc(NC)cc1,9.0,9.0,9.0,1.0,1.0,0.0,2.0,2.0,2.0,0.0,122.171,60.60165000000004,45.66,2.2883167478867685,0.0187304411779909,38.05,1.3105,40.40110000000002,0.1428571428571428,2.0159681788207373,0.1597001938778671,-0.3987267851284877,5.5693753702413284e-18,1.0,1.0,0.0,2.8815558776461354,178.61256853719755,-1.1800000000000002,1.3533930115039927
Aromatic_142,Ic1ccc(C#N)cc1,9.0,9.0,9.0,0.0,1.0,0.0,2.0,0.0,1.0,0.0,229.02,65.81100000000002,28.548,2.55815772967524,0.0111700188564545,23.79,2.1628799999999995,43.87400000000002,0.0,3.4799653024575625,0.0991100889432508,-0.1924370417356019,4.670409358399096e-18,1.0,1.0,0.0,3.056038396227261,232.0882179862608,-0.56,1.6823590395618364
Aromatic_143,Ic1ccc(N)cc1,8.0,8.0,8.0,0.0,1.0,0.0,2.0,1.0,1.0,0.0,219.025,65.35710000000002,31.224,2.281194329531706,0.0104152234636068,26.02,1.8734,43.57140000000001,0.0,3.351204332028129,0.1562157541686671,-0.3987278515338189,-1.1151793774136618e-18,1.0,1.0,0.0,3.0324555320336755,147.38833891467198,-0.25,1.3647271531886918
Aromatic_144,Nc1ccc(OC)cc1,9.0,9.0,9.0,1.0,1.0,0.0,2.0,1.0,2.0,0.0,123.155,56.109600000000015,42.3,2.2685291979695266,0.0184201143238148,35.25,1.2774,37.40640000000001,0.1428571428571428,2.194900655237237,0.1562157776871818,-0.4967658936287138,8.480870326997724e-18,1.0,1.0,0.0,2.8815558776461354,180.61256853719755,-1.1800000000000002,1.3533930115039927
Aromatic_145,Nc1ccc(CC)cc1,9.0,9.0,9.0,1.0,1.0,0.0,1.0,1.0,1.0,0.0,121.183,60.34860000000003,31.224,2.270749891632691,0.0187381883011189,26.02,1.8312,40.23240000000002,0.25,2.008049863492278,0.156215747970459,-0.3987285623758841,6.938893903907231e-19,1.0,1.0,0.0,2.8815558776461354,176.26405299160078,-0.98,1.4567376919048354
Aromatic_146,Clc1ccc(F)cc1,8.0,8.0,8.0,0.0,1.0,0.0,2.0,0.0,0.0,0.0,130.549,47.115,0.0,2.206895201296097,0.0169047268411965,0.0,2.4791000000000007,31.41,0.0,2.7708584788101778,0.1228119450628941,-0.2070106937331982,3.469446951953614e-18,1.0,1.0,0.0,3.0324555320336755,147.38833891467198,-0.56,1.2034300488365408
Aromatic_147,c1ccc2c(c1)ccc3c2cccc3,14.0,14.0,16.0,0.0,3.0,0.0,0.0,0.0,0.0,0.0,178.23399999999998,92.18100000000004,0.0,2.616954517215702,0.0146826896244993,0.0,3.993000000000002,61.45400000000004,0.0,1.9335220714298804,0.0629462126496244,-0.0616289927108002,-1.734723475976807e-18,3.0,3.0,0.0,2.6103186874159423,539.0090985891403,-1.82,1.0075406225733212
Aromatic_148,C(=O)Nc1ccc(CC)cc1,11.0,11.0,11.0,3.0,1.0,0.0,2.0,1.0,1.0,0.0,149.19299999999998,68.26005000000004,34.92,2.665224043508456,0.0178642699432559,29.1,1.8173,45.50670000000002,0.2222222222222222,2.1856561460816946,0.2110124635695641,-0.3286976918388991,9.462128050782585e-19,1.0,1.0,0.0,2.7366739543410024,227.8229784140701,-1.31,2.075224641853074
Aromatic_149,Oc1ccc(I)cc1,8.0,8.0,8.0,0.0,1.0,0.0,2.0,1.0,1.0,0.0,220.009,61.23570000000002,24.276,2.2847756463321565,0.0103849189621662,20.23,1.9968,40.82380000000001,0.0,3.5928224288638413,0.2930920808122449,-0.507965714881309,-8.540177112501206e-18,1.0,1.0,0.0,3.0324555320336755,147.38833891467198,-0.2500000000000001,1.3647271531886918
Aromatic_150,CCc1ccc(F)cc1,9.0,9.0,9.0,1.0,1.0,0.0,1.0,0.0,0.0,0.0,124.15799999999996,53.66700000000001,0.0,2.264074391613812,0.0182354288356641,0.0,2.388100000000001,35.778000000000006,0.25,2.313488692986589,0.122727213249588,-0.2070121687573857,3.854941057726238e-18,1.0,1.0,0.0,2.881555877646136,176.26405299160075,-0.8500000000000001,1.525354420961612
Aromatic_151,Brc1ccc(Cl)cc1,8.0,8.0,8.0,0.0,1.0,0.0,2.0,0.0,0.0,0.0,191.455,58.72800000000001,0.0,2.5779993940388675,0.01346530192773,0.0,3.102500000000001,39.15200000000001,0.0,3.2600292320523554,0.0638803467732268,-0.0843431332218139,-1.734723475976807e-18,1.0,1.0,0.0,3.0324555320336755,147.38833891467198,-0.01,1.4945035025015008
Aromatic_152,Fc1ccc([N+](=O)[O-])cc1,10.0,10.0,10.0,1.0,1.0,0.0,4.0,0.0,2.0,0.0,141.101,49.5816,51.768,2.3672672353520685,0.016777111562462,43.14,1.7339,33.0544,0.0,2.8458338809995265,0.2691313510706341,-0.2583096155052176,5.451988067355679e-18,1.0,1.0,0.0,3.003400684579817,244.4296583765568,-1.4499999999999995,1.280972524245647
Aromatic_153,NCc1ccc(C)cc1,9.0,9.0,9.0,1.0,1.0,0.0,1.0,1.0,1.0,0.0,121.18299999999996,58.60560000000002,31.224,2.2740166907982045,0.0187651458705681,26.02,1.45372,39.070400000000014,0.25,2.0677716452391626,0.1187130067137585,-0.3264975038939745,1.7347234759768072e-19,1.0,1.0,0.0,2.881555877646136,176.26405299160075,-0.8200000000000001,1.5413467698836087
Aromatic_154,NCc1ccc(C#N)cc1,10.0,10.0,10.0,1.0,1.0,0.0,2.0,1.0,2.0,0.0,132.166,58.57260000000004,59.772,2.509359371665676,0.0189864212632542,49.81,1.01698,39.04840000000002,0.125,2.2564475154518053,0.1187130067499819,-0.3264974947680455,-1.002284675008822e-17,1.0,1.0,0.0,2.9302756154154803,242.9552557234275,-1.33,1.3357916425017553
Aromatic_155,Nc1ccc([N+](=O)[O-])cc1,10.0,10.0,10.0,1.0,1.0,0.0,4.0,1.0,3.0,0.0,138.126,56.263200000000026,82.99199999999999,2.366577461122023,0.0171334683114587,69.16,1.177,37.508800000000015,0.0,2.454997183683167,0.269074800430289,-0.3987220829005813,6.0715321659188256e-18,1.0,1.0,0.0,3.003400684579817,242.4296583765568,-1.58,1.2226169416633603
Aromatic_156,Fc1ccc(N)cc1,8.0,8.0,8.0,0.0,1.0,0.0,2.0,1.0,1.0,0.0,111.119,46.2186,31.224,2.0059171586034306,0.0180519725749103,26.02,1.4079000000000002,30.8124,0.0,2.404205181372755,0.1562157697253628,-0.3987260786638387,2.4781763942525816e-18,1.0,1.0,0.0,3.0324555320336755,147.38833891467198,-1.05,0.9641693455260448
Aromatic_157,c1ccc2c3cccc4cccc(c1)c2c34,16.0,16.0,19.0,0.0,1.0,3.0,0.0,0.0,0.0,0.0,202.256,100.83000000000004,0.0,2.669001497312424,0.0131961547944993,0.0,3.1194000000000024,67.22000000000003,0.0,2.005910919310612,0.0629472256782571,-0.0616286258856559,-4.420208857056287e-18,4.0,1.0,0.0,2.389141218604372,750.5592880556488,-2.079999999999999,0.8488877804628446
Aromatic_158,CCCc1ccc(I)cc1,10.0,10.0,10.0,2.0,1.0,0.0,1.0,0.0,0.0,0.0,246.091,79.73100000000004,0.0,2.947373697835709,0.0119767634162116,0.0,3.2437000000000022,53.154000000000025,0.3333333333333333,3.086515871034905,0.0633952942575232,-0.0650654381079391,-9.086646778926133e-19,1.0,1.0,0.0,2.693803452362809,188.3881691811921,-0.05,2.2897981544699686
Aromatic_159,Cc1ccc(F)cc1,8.0,8.0,8.0,0.0,1.0,0.0,1.0,0.0,0.0,0.0,110.131,46.70549999999999,0.0,2.015405472566562,0.0183000740415186,0.0,2.13412,31.137,0.1428571428571428,2.357987766794323,0.1227268656454185,-0.2070121716647162,-1.8503717077085946e-18,1.0,1.0,0.0,3.0324555320336755,143.24662946459569,-0.8500000000000001,1.0594030875809968
Aromatic_160,NCc1ccc(CCC)cc1,11.0,11.0,11.0,3.0,1.0,0.0,1.0,1.0,1.0,0.0,149.237,72.49260000000004,31.224,2.858853345948018,0.0191564647291995,26.02,2.0978000000000003,48.32840000000002,0.4,2.0586514753416,0.1187130067137796,-0.3264975038830128,-6.672013369141566e-19,1.0,1.0,0.0,2.664537066654608,200.6176913996566,-0.8200000000000001,2.353634969294642
Aromatic_161,Ic1ccc(OC)cc1,9.0,9.0,9.0,1.0,1.0,0.0,2.0,0.0,1.0,0.0,234.036,68.56650000000003,11.076,2.59557647616873,0.0110905008848135,9.23,2.2998000000000003,45.71100000000002,0.1428571428571428,3.413270279024445,0.118432065938671,-0.4967672880722433,8.348356728138384e-18,1.0,1.0,0.0,2.8815558776461354,180.61256853719755,-0.25,1.8559302851969213
Aromatic_162,C(=O)Oc1ccc(C)cc1,10.0,10.0,10.0,2.0,1.0,0.0,2.0,0.0,2.0,0.0,136.14999999999998,56.806500000000014,31.56,2.400745976773768,0.01763309555006,26.3,1.53022,37.87100000000001,0.125,2.396732726065982,0.2979959661259492,-0.4287642680768258,-1.0408340855860844e-17,1.0,1.0,0.0,2.7828495900077543,213.20412994838864,-1.31,1.584972123454423
Aromatic_163,OCc1ccc(I)cc1,9.0,9.0,9.0,1.0,1.0,0.0,2.0,1.0,1.0,0.0,234.036,67.62270000000002,24.276,2.5843480328445136,0.0110425234656291,20.23,1.7835,45.081800000000015,0.1428571428571428,3.460908785645813,0.2105281974105423,-0.391680458515028,6.396792817664476e-18,1.0,1.0,0.0,2.881555877646136,180.61256853719752,-0.09,1.947726271976854
Aromatic_164,NCc1ccc(I)cc1,9.0,9.0,9.0,1.0,1.0,0.0,2.0,1.0,1.0,0.0,233.052,70.57560000000001,31.224,2.574840644197483,0.0110483524412969,26.02,1.7499,47.05040000000001,0.1428571428571428,3.302161040045553,0.1187130067425313,-0.3264974966704027,-1.4285958037456062e-18,1.0,1.0,0.0,2.881555877646136,180.61256853719752,-0.09,1.947726271976854
Aromatic_165,C(=O)Nc1ccc(C(=O)O)cc1,12.0,12.0,12.0,3.0,1.0,0.0,4.0,2.0,2.0,0.0,165.148,64.632,79.68,2.803825469876783,0.0169776530923724,66.4,0.9531,43.08800000000001,0.0,2.555204812550984,0.3351808388479635,-0.477639236189323,4.017254365419975e-18,1.0,1.0,0.0,2.846340723505505,291.67621196610224,-1.84,1.820194512708767
Aromatic_166,Oc1ccc([N+](=O)[O-])cc1,10.0,10.0,10.0,1.0,1.0,0.0,4.0,1.0,3.0,0.0,139.11,52.14180000000002,76.044,2.3623432927836934,0.016981836502062,63.370000000000005,1.3003999999999998,34.76120000000001,0.0,2.667917051810312,0.2930921655866182,-0.5079581647909615,-1.2027416100105864e-17,1.0,1.0,0.0,3.003400684579817,241.6747708743933,-1.58,1.2226169416633603
Aromatic_167,CCCc1ccc(Cl)cc1,10.0,10.0,10.0,2.0,1.0,0.0,1.0,0.0,0.0,0.0,154.64,68.17050000000003,0.0,2.8163522583152454,0.0182123140203241,0.0,3.292500000000002,45.44700000000002,0.3333333333333333,2.268429859419691,0.0638503025016738,-0.0843441327321485,-3.304235192336775e-19,1.0,1.0,0.0,2.693803452362809,188.3881691811921,-0.49,2.033701901787922
Aromatic_168,Nc1ccc(I)cc1,8.0,8.0,8.0,0.0,1.0,0.0,2.0,1.0,1.0,0.0,219.02500000000003,65.3571,31.224,2.281194299609483,0.0104152233269912,26.02,1.8734,43.5714,0.0,3.35120433202813,0.1562157541686671,-0.3987278515338189,-1.1151793774136618e-18,1.0,1.0,0.0,3.0324555320336755,147.38833891467198,-0.2500000000000001,1.3647271531886918
Aromatic_169,Ic1ccc(I)cc1,8.0,8.0,8.0,0.0,1.0,0.0,2.0,0.0,0.0,0.0,329.906,77.81400000000002,0.0,3.1584863990556484,0.0095738979875532,0.0,2.8958000000000013,51.87600000000001,0.0,4.239674040151205,0.0634227706937711,-0.0477928676549079,2.6020852139652106e-18,1.0,1.0,0.0,3.0324555320336755,145.38833891467198,0.6799999999999999,1.8894292247050728
Aromatic_170,CCCc1ccc(O)cc1,10.0,10.0,10.0,2.0,1.0,0.0,1.0,1.0,1.0,0.0,136.19399999999996,63.15270000000002,24.276,2.437889196789233,0.0179001217299522,20.23,2.3447000000000005,42.10180000000002,0.3333333333333333,2.156582344751967,0.2930920704962901,-0.5079666452523571,-6.308085367188392e-19,1.0,1.0,0.0,2.693803452362809,188.3881691811921,-0.98,1.7608451250134962
Aromatic_171,CCc1ccc(I)cc1,9.0,9.0,9.0,1.0,1.0,0.0,1.0,0.0,0.0,0.0,232.064,72.80550000000002,0.0,2.5734628023237893,0.0110894528717695,0.0,2.853600000000001,48.53700000000002,0.25,3.1874514537026526,0.0633952929067363,-0.0612941283563779,-2.6020852139652106e-18,1.0,1.0,0.0,2.881555877646136,176.26405299160075,-0.05,1.9709029953957384
Aromatic_172,C(=O)Nc1ccc(Br)cc1,10.0,10.0,10.0,2.0,1.0,0.0,3.0,1.0,1.0,0.0,200.035,65.74305000000001,34.92,2.769324100879118,0.013844197700577,29.1,2.0174,43.82870000000001,0.0,3.0426789897536084,0.2110124705111957,-0.3286967066945907,1.2576745200831853e-17,1.0,1.0,0.0,2.7828495900077543,219.5526454939854,-0.8300000000000001,1.842927825404145
Aromatic_173,CCCc1ccc(C)cc1,10.0,10.0,10.0,2.0,1.0,0.0,0.0,0.0,0.0,0.0,134.22199999999998,67.76100000000004,0.0,2.448474162702353,0.0182419733312004,0.0,2.9475200000000017,45.17400000000003,0.4,1.9808148938059509,0.0625702687341128,-0.065065438134477,-4.33680868994202e-19,1.0,1.0,0.0,2.693803452362809,183.69821324529929,-0.78,1.870576849413776
