SMILES,NumAtoms,NumHeavyAtoms,NumBonds,NumRotatableBonds,NumAromaticRings,NumAliphaticRings,NumHeteroatoms,NumHDonors,NumHAcceptors,FormalCharge,MolecularWeight,MolecularVolume,SurfaceArea,RadiusOfGyration,ShapeFactor,TPSA,LogP,MolarRefractivity,FractionCSP3,Density,MaxPartialCharge,MinPartialCharge,AvgPartialCharge,NumRings,NumAromaticCarbocycles,NumSaturatedCarbocycles,BalabanJ,BertzCT,HallKierAlpha,Kappa3,Tg
C(=O)Nc1ccc(I)cc1,10,10,10,2,1,0,3,1,1,0,247.035,73.26855,34.92,2.794035343,0.011310281,29.1,1.8595,48.8457,0.0,3.37163758,0.21101247,-0.32869679,7.7e-18,1,1,0,2.78284959,219.5526455,-0.58,1.982580224,407.7141047619048
Cc1ccc(CC)cc1,9,9,9,1,1,0,0,0,0,0,120.195,60.8355,0.0,2.277748151,0.01895044,0.0,2.55742,40.557,0.333333333,1.975737818,0.062570096,-0.061294135,2.15e-18,1,1,0,2.881555878,171.734728,-0.78,1.562760731,222.83983986111107
Cc1ccc(OC)cc1,9,9,9,1,1,0,1,0,1,0,122.167,56.5965,11.076,2.275437985,0.018625635,9.23,2.00362,37.731,0.25,2.158561004,0.118377385,-0.496768222,-1.46e-18,1,1,0,2.881555878,176.264053,-0.98,1.456737692,232.80575630952382
Clc1ccccc1,7,7,7,0,1,0,1,0,0,0,112.559,47.178,0.0,1.928719255,0.017135185,0.0,2.34,31.452,0.0,2.385836568,0.063840154,-0.084344477,-8.1e-18,1,1,0,3.02146531,134.1073697,-0.49,1.203610472,222.65601190476156
CCCc1ccc(C(=O)N)cc1,12,12,12,3,1,0,2,1,1,0,163.22,73.43235,51.708,2.987043824,0.018300722,43.09,1.738,48.9549,0.3,2.222726057,0.248195452,-0.365599509,-3.47e-18,1,1,0,2.780862289,263.6719978,-1.31,2.087500407,403.34778511904767
Clc1ccc(C#N)cc1,9,9,9,0,1,0,2,0,1,0,137.569,54.2505,28.548,2.465621401,0.017922798,23.79,2.21168,36.167,0.0,2.535810683,0.099110606,-0.192437038,1.07e-18,1,1,0,3.056038396,232.088218,-1.0,1.446280992,387.13274999999993
C(=O)Oc1ccc(N)cc1,10,10,10,2,1,0,3,1,3,0,137.138,56.3196,62.784,2.396199876,0.017472909,52.32,0.804,37.5464,0.0,2.434995944,0.297995983,-0.428761922,8.16e-19,1,1,0,2.78284959,217.5526455,-1.51,1.481662633,411.5343916666666
C(=O)Oc1ccc(CC)cc1,11,11,11,3,1,0,2,0,2,0,150.177,63.768,31.56,2.628352867,0.0175017,26.3,1.7842,42.512,0.222222222,2.355052654,0.297995966,-0.428764265,-5.45e-18,1,1,0,2.736673954,225.8229784,-1.31,2.075224642,367.77676163419915
Brc1ccc(Br)cc1,8,8,8,0,1,0,2,0,0,0,235.906,62.763,0.0,2.850477847,0.012083109,0.0,3.2116,41.842,0.0,3.758679417,0.063499408,-0.05083833,-1.16e-18,1,1,0,3.032455532,145.3883389,0.18,1.600119577,322.81915392857127
OCc1ccc(F)cc1,9,9,9,1,1,0,2,1,1,0,126.13,48.4842,24.276,2.25140928,0.017849911,20.23,1.318,32.3228,0.142857143,2.601465991,0.210528197,-0.39168044,9.11e-18,1,1,0,2.881555878,180.6125685,-0.89,1.504122761,331.76417619047606
Ic1ccc(C(=O)O)cc1,10,10,10,1,1,0,3,1,1,0,248.019,69.17745,44.76,2.808846596,0.011325127,37.3,1.9894,46.1183,0.0,3.585257861,0.335179479,-0.477639244,-5.55e-18,1,1,0,3.003400685,240.2879489,-0.58,1.698122161,403.9110047619047
CCCc1ccccc1,9,9,9,2,1,0,0,0,0,0,120.195,60.6555,0.0,2.372456228,0.019738394,0.0,2.6391,40.437,0.333333333,1.981600976,0.062560338,-0.065065438,3.47e-18,1,1,0,2.61489994,152.9490958,-0.78,1.883546785,202.36980325396829
Fc1ccc(OC)cc1,9,9,9,1,1,0,2,0,1,0,126.13,49.428,11.076,2.263175958,0.017943201,9.23,1.8343,32.952,0.142857143,2.551792455,0.12297801,-0.496764967,1.3e-18,1,1,0,2.881555878,180.6125685,-1.05,1.420257084,308.73841047619055
C(=O)Oc1ccc(NC)cc1,11,11,11,3,1,0,3,1,3,0,151.165,64.02105,45.996,2.648317707,0.017519384,38.33,1.2635,42.6807,0.125,2.361176482,0.297995983,-0.42876192,-2.1e-18,1,1,0,2.736673954,230.3523034,-1.51,1.965048096,404.3283851190476
CCCc1ccc(NC)cc1,11,11,11,3,1,0,1,1,1,0,149.237,74.97555,14.436,2.8626678,0.019182024,12.03,2.6808,49.9837,0.4,1.990475535,0.159700178,-0.388121802,1.75e-18,1,1,0,2.664537067,200.6176914,-0.98,2.261438255,332.07630178571446
NCc1ccc(C(=O)N)cc1,11,11,11,2,1,0,3,2,2,0,150.181,64.27695,82.932,2.65376185,0.017670423,69.11,0.2442,42.8513,0.125,2.336467391,0.248195465,-0.365599509,-6.61e-19,1,1,0,2.913801563,253.2994976,-1.35,1.782313714,445.58261845238087
Nc1ccc(O)cc1,8,8,8,0,1,0,2,2,2,0,109.128,48.7788,55.5,2.008499969,0.018404992,46.25,0.9744,32.5192,0.0,2.237201361,0.293092097,-0.507964321,2.31e-18,1,1,0,3.032455532,147.3883389,-1.18,0.904141896,336.30504166666657
OCc1ccc(Cl)cc1,9,9,9,1,1,0,2,1,1,0,142.585,56.0622,24.276,2.461807332,0.017265542,20.23,1.8323,37.3748,0.142857143,2.54333575,0.210528197,-0.391680454,4.34e-19,1,1,0,2.881555878,180.6125685,-0.53,1.698902356,339.3172783333332
C(=O)Nc1ccc([N+](=O)[O-])cc1,12,12,12,3,1,0,5,1,3,0,166.136,64.17465,86.688,2.777143269,0.016716084,72.24,1.1631,42.7831,0.0,2.588810339,0.269075458,-0.328689474,1.08e-17,1,1,0,2.846340724,294.0247275,-1.91,1.785922104,441.5897321428571
c1ccc2c(c1)ccc3ccccc23,14,14,16,0,3,0,0,0,0,0,178.234,92.181,0.0,2.616954453,0.014682689,0.0,3.993,61.454,0.0,1.933522071,0.062946213,-0.061628993,-1.73e-18,3,3,0,2.610318687,539.0090986,-1.82,1.007540623,359.66031458333333
Ic1ccc(Br)cc1,8,8,8,0,1,0,2,0,0,0,282.906,70.2885,0.0,2.965775467,0.010483254,0.0,3.0537,46.859,0.0,4.024925784,0.063496886,-0.050838414,-4.19e-18,1,1,0,3.032455532,147.3883389,0.43,1.742777784,327.15832892857134
C(=O)Oc1ccc(C(=O)O)cc1,12,12,12,3,1,0,4,1,3,0,166.132,60.13995,76.32,2.791461155,0.01680267,63.6,0.92,40.0933,0.0,2.762423268,0.335182868,-0.477639225,-2.04e-17,1,1,0,2.846340724,288.4310995,-1.84,1.820194513,436.9570999999998
Nc1ccc(C(=O)N)cc1,10,10,10,1,1,0,3,2,2,0,136.154,59.05845,82.932,2.406745288,0.01767664,69.11,0.3677,39.3723,0.0,2.305410956,0.248197694,-0.39872822,-7.71e-19,1,1,0,3.003400685,240.2879489,-1.51,1.253904639,442.3658166666666
OCc1ccccc1,8,8,8,1,1,0,1,1,1,0,108.14,48.5472,24.276,2.005720036,0.018547439,20.23,1.1789,32.3648,0.142857143,2.22752286,0.210528197,-0.391680468,2.82e-18,1,1,0,2.832085835,145.7328145,-0.82,1.073981897,261.10680952380926
CCCc1ccc(N)cc1,10,10,10,2,1,0,1,1,1,0,135.21,67.2741,31.224,2.442786839,0.018066614,26.02,2.2213,44.8494,0.333333333,2.009837337,0.156215748,-0.398728562,6.03e-19,1,1,0,2.693803452,188.3881692,-0.98,1.760845125,346.22534980158736
C(=O)Oc1ccc(O)cc1,10,10,10,2,1,0,3,1,3,0,138.122,52.1982,55.836,2.392162881,0.017319202,46.53,0.9274,34.7988,0.0,2.64610652,0.297995998,-0.507962229,-1.43e-17,1,1,0,2.78284959,214.797758,-1.51,1.481662633,401.4450166666666
NCc1ccc(Cl)cc1,9,9,9,1,1,0,2,1,1,0,141.601,59.0151,31.224,2.460020812,0.017372906,26.02,1.7987,39.3434,0.142857143,2.399402824,0.118713007,-0.326497493,-1.02e-18,1,1,0,2.881555878,180.6125685,-0.53,1.698902356,390.4162583333333
CCCc1ccc(CCC)cc1,12,12,12,4,1,0,0,0,0,0,162.276,81.648,0.0,2.880548744,0.017750923,0.0,3.5916,54.432,0.5,1.987507324,0.062570442,-0.065065438,2.31e-19,1,1,0,2.583598666,182.984849,-0.78,2.689337151,292.78390685606064
Clc1ccc(C)cc1,8,8,8,0,1,0,1,0,0,0,126.586,54.2835,0.0,2.214902257,0.017497213,0.0,2.64842,36.189,0.142857143,2.331942444,0.063850128,-0.084344136,1.85e-18,1,1,0,3.032455532,143.2466295,-0.49,1.239206403,224.28080630952357
Clc1ccc(Cl)cc1,8,8,8,0,1,0,2,0,0,0,147.004,54.693,0.0,2.434805986,0.016562855,0.0,2.9934,36.462,0.0,2.687802778,0.063893322,-0.084342698,-1.16e-17,1,1,0,3.032455532,145.3883389,-0.2,1.391420242,308.80665333333314
NCc1ccc([N+](=O)[O-])cc1,11,11,11,2,1,0,4,1,3,0,152.153,61.4817,82.992,2.61860954,0.017210371,69.16,1.0535,40.9878,0.142857143,2.474768875,0.268943477,-0.326497437,-4.02e-18,1,1,0,2.913801563,255.6480131,-1.42,1.747527534,439.7854755952379
c1ccc2c(c1)Cc3ccccc23,13,13,15,0,2,1,0,0,0,0,166.223,82.026,0.0,2.549939283,0.015340472,0.0,3.2578,54.684,0.076923077,2.026467193,0.062934454,-0.061939245,-3.45e-18,3,2,0,2.320727985,411.6004191,-1.56,0.919445958,359.6265410984847
Clc1ccc(CC)cc1,9,9,9,1,1,0,1,0,0,0,140.613,61.245,0.0,2.468306715,0.017553901,0.0,2.9024,40.83,0.25,2.295909833,0.063850301,-0.084344133,1.35e-18,1,1,0,2.881555878,176.264053,-0.49,1.721046036,214.89519333333325
CCc1ccccc1,8,8,8,1,1,0,0,0,0,0,106.168,53.73,0.0,2.020420837,0.019030412,0.0,2.249,35.82,0.25,1.975953807,0.062560165,-0.062248742,-9.64e-19,1,1,0,2.832085835,141.3842989,-0.78,1.093537203,201.82211126984126
OCc1ccc(CCC)cc1,11,11,11,3,1,0,1,1,1,0,150.221,69.5397,24.276,2.853140176,0.018992951,20.23,2.1314,46.3598,0.4,2.160219239,0.210528197,-0.391680466,5e-18,1,1,0,2.664537067,200.6176914,-0.82,2.353634969,348.2935988095239
C(=O)Oc1ccccc1,9,9,9,2,1,0,2,0,2,0,122.123,49.701,31.56,2.13766707,0.017504213,26.3,1.2218,33.134,0.0,2.45715373,0.297995964,-0.428764618,-6.01e-18,1,1,0,2.719528533,181.367456,-1.31,1.567199372,359.10036458333326
OCc1ccc(Br)cc1,9,9,9,1,1,0,2,1,1,0,187.036,60.0972,24.276,2.576721842,0.013776609,20.23,1.9414,40.0648,0.142857143,3.112224811,0.210528197,-0.391680458,3.25e-18,1,1,0,2.881555878,180.6125685,-0.34,1.804947321,352.1733866666666
C(=O)Oc1ccc(I)cc1,10,10,10,2,1,0,3,0,2,0,248.019,68.7765,31.56,2.789671904,0.011247815,26.3,1.8264,45.851,0.0,3.606159028,0.297995973,-0.428763327,-1.35e-17,1,1,0,2.78284959,217.5526455,-0.58,1.982580224,369.34339226190474
Oc1ccc(C)cc1,8,8,8,0,1,0,1,1,1,0,108.14,49.2657,24.276,2.018474501,0.018665383,20.23,1.70062,32.8438,0.142857143,2.195036259,0.29309207,-0.507966648,-3.9e-18,1,1,0,3.032455532,143.2466295,-0.98,0.997109257,292.2740565476187
NCc1ccc(N)cc1,9,9,9,1,1,0,2,2,2,0,122.171,58.1187,62.448,2.258363472,0.018485266,52.04,0.7275,38.7458,0.142857143,2.10209447,0.156215748,-0.398728552,-2.92e-18,1,1,0,2.881555878,178.6125685,-1.02,1.435851175,409.1819833333333
CCCc1ccc(CC)cc1,11,11,11,3,1,0,0,0,0,0,148.249,74.7225,0.0,2.696754948,0.018190712,0.0,3.2015,49.815,0.454545455,1.983994085,0.062570441,-0.065065438,-1.67e-18,1,1,0,2.664537067,195.7832245,-0.78,2.3768738,280.38787276515154
Cc1ccc(CCC)cc1,10,10,10,2,1,0,0,0,0,0,134.222,67.761,0.0,2.620355219,0.019522546,0.0,2.94752,45.174,0.4,1.980814894,0.062570269,-0.065065438,-4.34e-19,1,1,0,2.693803452,183.6982132,-0.78,1.870576849,268.1626060984848
Ic1ccccc1,7,7,7,0,1,0,1,0,0,0,204.01,58.7385,0.0,1.947358533,0.009545407,0.0,2.2912,39.159,0.0,3.473190438,0.063385161,-0.062194927,-6.22e-18,1,1,0,3.02146531,134.1073697,-0.05,1.468848147,244.5545380952377
Fc1ccc(C)cc1,8,8,8,0,1,0,1,0,0,0,110.131,46.7055,0.0,2.015405359,0.018300073,0.0,2.13412,31.137,0.142857143,2.357987767,0.122726866,-0.207012172,-1.85e-18,1,1,0,3.032455532,143.2466295,-0.85,1.059403088,218.49892000000014
Ic1ccc(O)cc1,8,8,8,0,1,0,2,1,1,0,220.009,61.2357,24.276,2.284775871,0.01038492,20.23,1.9968,40.8238,0.0,3.592822429,0.293092081,-0.507965715,-8.54e-18,1,1,0,3.032455532,147.3883389,-0.25,1.364727153,359.24444976190466
Brc1ccc(N)cc1,8,8,8,0,1,0,2,1,1,0,172.025,57.8316,31.224,2.290494682,0.013314894,26.02,2.0313,38.5544,0.0,2.974584778,0.156215755,-0.398727786,-4.21e-18,1,1,0,3.032455532,147.3883389,-0.5,1.234072022,401.3273755952382
CCc1ccc(C(=O)N)cc1,11,11,11,2,1,0,2,1,1,0,149.193,66.50685,51.708,2.651741051,0.017773897,43.09,1.3479,44.3379,0.222222222,2.243272652,0.248195452,-0.365599509,-2.52e-18,1,1,0,2.913801563,250.7701726,-1.31,1.802305551,405.770768452381
Cc1ccc(Br)cc1,8,8,8,0,1,0,1,0,0,0,171.037,58.3185,0.0,2.290242872,0.013390336,0.0,2.75752,38.879,0.142857143,2.932808578,0.063469229,-0.058204339,2.31e-19,1,1,0,3.032455532,143.2466295,-0.3,1.338218727,248.8663658333331
C(=O)Oc1ccc(OC)cc1,11,11,11,3,1,0,3,0,3,0,152.149,59.529,42.636,2.635153882,0.017319561,35.53,1.2304,39.686,0.125,2.555880284,0.297995998,-0.4967638,1.1e-18,1,1,0,2.736673954,227.5974159,-1.51,1.965048096,377.9162533008659
CCc1ccc(CC)cc1,10,10,10,2,1,0,0,0,0,0,134.222,67.797,0.0,2.499840239,0.018624668,0.0,2.8114,45.198,0.4,1.979763087,0.062570268,-0.061294135,2.89e-18,1,1,0,2.797251263,160.6982132,-0.78,1.598288066,283.2744156222942
Nc1ccc(C)cc1,8,8,8,0,1,0,1,1,1,0,107.156,53.3871,31.224,2.028426679,0.01892966,26.02,1.57722,35.5914,0.142857143,2.007151503,0.156215748,-0.398728565,2.24e-18,1,1,0,3.032455532,143.2466295,-0.98,0.997109257,260.5027833333332
Ic1ccc([N+](=O)[O-])cc1,10,10,10,1,1,0,4,0,2,0,249.007,68.7201,51.768,2.788827086,0.011199794,43.14,2.1994,45.8134,0.0,3.623495839,0.268996587,-0.25830963,9.91e-19,1,1,0,3.003400685,244.4296584,-0.65,1.662923452,381.139744345238
C(=O)Oc1ccc([N+](=O)[O-])cc1,12,12,12,3,1,0,5,0,4,0,167.12,59.6826,83.328,2.762712352,0.016531309,69.44,1.13,39.7884,0.0,2.800146059,0.297996027,-0.428755714,-5.51e-18,1,1,0,2.846340724,292.779615,-1.91,1.785922104,405.2131791666665
OCc1ccc(C(=O)O)cc1,11,11,11,2,1,0,3,2,2,0,152.149,58.98615,69.036,2.645551144,0.017387897,57.53,0.8771,39.3241,0.125,2.57940207,0.335178598,-0.477639249,-4.02e-18,1,1,0,2.913801563,250.5446101,-1.35,1.782313714,415.41161011904745
CCCc1ccc(C(=O)O)cc1,12,12,12,3,1,0,2,1,1,0,164.204,71.09445,44.76,2.985390509,0.018180985,37.3,2.3373,47.3963,0.3,2.309659864,0.335178575,-0.477639249,-7.52e-18,1,1,0,2.780862289,261.6719978,-1.31,2.087500407,396.08186845238095
Oc1ccc(CCC)cc1,10,10,10,2,1,0,1,1,1,0,136.194,63.1527,24.276,2.610224276,0.019165486,20.23,2.3447,42.1018,0.333333333,2.156582345,0.29309207,-0.507966645,-6.31e-19,1,1,0,2.693803452,188.3881692,-0.98,1.760845125,342.43566238095235
Ic1ccc(C)cc1,8,8,8,0,1,0,1,0,0,0,218.037,65.844,0.0,2.277409376,0.010445059,0.0,2.59962,43.896,0.142857143,3.311417847,0.06339512,-0.05827412,1.16e-18,1,1,0,3.032455532,143.2466295,-0.05,1.472587813,251.60446999999974
C(=O)Nc1ccc(F)cc1,10,10,10,2,1,0,3,1,1,0,139.129,54.13005,34.92,2.412943914,0.017343213,29.1,1.394,36.0867,0.0,2.570272842,0.211012486,-0.328694542,8.24e-18,1,1,0,2.78284959,219.5526455,-1.38,1.548525511,413.0803104166667
Clc1ccc(N)cc1,8,8,8,0,1,0,2,1,1,0,127.574,53.7966,31.224,2.20906679,0.017315964,26.02,1.9222,35.8644,0.0,2.371413763,0.156215758,-0.398727447,-6.94e-18,1,1,0,3.032455532,147.3883389,-0.69,1.138019489,407.62874166666666
Oc1ccc(C(=O)N)cc1,10,10,10,1,1,0,3,2,2,0,137.138,54.93705,75.984,2.402157216,0.01751635,63.32,0.4911,36.6247,0.0,2.496275237,0.293092075,-0.507966196,3.67e-18,1,1,0,3.003400685,240.2879489,-1.51,1.253904639,429.10514999999987
Oc1ccc(F)cc1,8,8,8,0,1,0,2,1,1,0,112.103,42.0972,24.276,1.996908736,0.01781316,20.23,1.5313,28.0648,0.0,2.662956143,0.293092107,-0.507963394,-3.2e-18,1,1,0,3.032455532,147.3883389,-1.05,0.964169346,296.04513666666645
Clc1ccc(Br)cc1,8,8,8,0,1,0,2,0,0,0,191.455,58.728,0.0,2.577999367,0.013465302,0.0,3.1025,39.152,0.0,3.260029232,0.063880347,-0.084343133,-1.73e-18,1,1,0,3.032455532,147.3883389,-0.01,1.494503503,319.41185392857136
Ic1ccc(CC)cc1,9,9,9,1,1,0,1,0,0,0,232.064,72.8055,0.0,2.57346399,0.011089458,0.0,2.8536,48.537,0.25,3.187451454,0.063395293,-0.061294128,-2.6e-18,1,1,0,2.881555878,176.264053,-0.05,1.970902995,248.10651464285695
C(=O)Oc1ccc(C#N)cc1,11,11,11,2,1,0,3,0,3,0,147.133,56.7735,60.108,2.636900286,0.017921882,50.09,1.09348,37.849,0.0,2.591578772,0.297995974,-0.428763071,-2.17e-17,1,1,0,2.841897617,283.9555223,-1.82,1.798454411,383.3491083333332
NCc1ccc(O)cc1,9,9,9,1,1,0,2,2,2,0,123.155,53.9973,55.5,2.251473473,0.018281624,46.25,0.8509,35.9982,0.142857143,2.280762144,0.293092071,-0.507966632,-1e-17,1,1,0,2.881555878,180.6125685,-1.02,1.435851175,396.24549791666664
C(=O)Nc1ccc(C(=O)N)cc1,12,12,12,3,1,0,4,2,2,0,164.164,66.9699,86.628,2.806149262,0.017093573,72.19,0.3538,44.6466,0.0,2.451310179,0.2481977,-0.365599494,-1.04e-18,1,1,0,2.846340724,292.4310995,-1.84,1.820194513,448.0784166666666
Cc1ccc([N+](=O)[O-])cc1,10,10,10,1,1,0,3,0,2,0,137.138,56.7501,51.768,2.370932283,0.01728866,43.14,1.90322,37.8334,0.142857143,2.416524334,0.268941456,-0.258309636,1.2e-17,1,1,0,3.003400685,240.2879489,-1.38,1.312840333,389.29112026515145
C(=O)Nc1ccc(NC)cc1,11,11,11,3,1,0,3,2,2,0,150.181,68.5131,49.356,2.663042483,0.01773222,41.13,1.2966,45.6754,0.125,2.192004125,0.21101248,-0.388120022,4.71e-18,1,1,0,2.736673954,230.3523034,-1.51,1.965048096,415.5219470238095
Ic1ccc(C(=O)N)cc1,10,10,10,1,1,0,3,1,1,0,247.035,71.51535,51.708,2.802838979,0.011345918,43.09,1.3901,47.6769,0.0,3.454293331,0.248196349,-0.365599503,3.04e-18,1,1,0,3.003400685,242.2879489,-0.58,1.698122161,411.3554047619047
OCc1ccc(CC)cc1,10,10,10,2,1,0,1,1,1,0,136.194,62.6142,24.276,2.490810055,0.018288691,20.23,1.7413,41.7428,0.333333333,2.175129568,0.210528197,-0.391680466,3.31e-18,1,1,0,2.797251263,165.3881692,-0.82,1.578594458,324.5162202380952
C(=O)Nc1ccccc1,9,9,9,2,1,0,2,1,1,0,121.139,54.19305,34.92,2.158959773,0.017822169,29.1,1.2549,36.1287,0.0,2.235323492,0.211012461,-0.328698031,9.97e-18,1,1,0,2.719528533,183.367456,-1.31,1.567199372,390.72747291666667
Fc1ccc(Br)cc1,8,8,8,0,1,0,2,0,0,0,175.0,51.15,0.0,2.303349303,0.013161996,0.0,2.5882,34.1,0.0,3.421309806,0.122786396,-0.207011141,-2.89e-18,1,1,0,3.032455532,147.3883389,-0.37,1.301420977,317.54106226190476
Nc1ccc(C(=O)O)cc1,10,10,10,1,1,0,3,2,2,0,137.138,56.72055,75.984,2.402620788,0.01751973,63.32,0.967,37.8137,0.0,2.417783283,0.335180834,-0.477639236,-8.16e-19,1,1,0,3.003400685,240.2879489,-1.51,1.253904639,428.01189999999986
Fc1ccc(C(=O)O)cc1,10,10,10,1,1,0,3,1,1,0,140.113,50.03895,44.76,2.402797661,0.017148999,37.3,1.5239,33.3593,0.0,2.800078683,0.335181734,-0.477639231,-1.25e-17,1,1,0,3.003400685,240.2879489,-1.38,1.312840333,400.3252604166667
Nc1ccc(F)cc1,8,8,8,0,1,0,2,1,1,0,111.119,46.2186,31.224,2.005917208,0.018051973,26.02,1.4079,30.8124,0.0,2.404205181,0.15621577,-0.398726079,2.48e-18,1,1,0,3.032455532,147.3883389,-1.05,0.964169346,277.468558333333
Fc1ccc(C(=O)N)cc1,10,10,10,1,1,0,3,1,1,0,139.129,52.37685,51.708,2.406449148,0.017296531,43.09,0.9246,34.9179,0.0,2.656307077,0.248198589,-0.365599488,8.24e-18,1,1,0,3.003400685,242.2879489,-1.38,1.312840333,408.47047708333344
Brc1ccccc1,7,7,7,0,1,0,1,0,0,0,157.01,51.213,0.0,1.971795915,0.01255841,0.0,2.4491,34.142,0.0,3.065823071,0.063459267,-0.062189991,3.76e-18,1,1,0,3.02146531,134.1073697,-0.3,1.316124136,239.85847142857125
CCc1ccc(N)cc1,9,9,9,1,1,0,1,1,1,0,121.183,60.3486,31.224,2.27074985,0.018738188,26.02,1.8312,40.2324,0.25,2.008049863,0.156215748,-0.398728562,6.94e-19,1,1,0,2.881555878,176.264053,-0.98,1.456737692,313.6681583333332
Clc1ccc(I)cc1,8,8,8,0,1,0,2,0,0,0,238.455,66.2535,0.0,2.602413618,0.010913647,0.0,2.9446,44.169,0.0,3.599130558,0.063877822,-0.084343218,4.19e-18,1,1,0,3.032455532,147.3883389,0.24,1.633981934,319.91047892857137
Ic1ccc(Cl)cc1,8,8,8,0,1,0,2,0,0,0,238.455,66.2535,0.0,2.6024137,0.010913647,0.0,2.9446,44.169,0.0,3.599130558,0.063877822,-0.084343218,4.19e-18,1,1,0,3.032455532,147.3883389,0.24,1.633981934,319.91047892857137
Brc1ccc(NC)cc1,9,9,9,1,1,0,2,1,1,0,186.052,65.53305,14.436,2.597429425,0.013960771,12.03,2.4908,43.6887,0.142857143,2.839055975,0.159700185,-0.388121025,-3.42e-18,1,1,0,2.881555878,180.6125685,-0.5,1.715500945,338.2666866666667
Brc1ccc(F)cc1,8,8,8,0,1,0,2,0,0,0,175.0,51.15,0.0,2.303349154,0.013161995,0.0,2.5882,34.1,0.0,3.421309806,0.122786396,-0.207011141,-2.89e-18,1,1,0,3.032455532,147.3883389,-0.37,1.301420977,317.54106226190476
Fc1ccc(F)cc1,8,8,8,0,1,0,2,0,0,0,114.094,39.537,0.0,1.995575961,0.01749063,0.0,1.9648,26.358,0.0,2.885752513,0.122914798,-0.207008883,1.62e-17,1,1,0,3.032455532,145.3883389,-0.92,1.025681073,245.34066999999988
NCc1ccc(F)cc1,9,9,9,1,1,0,2,1,1,0,125.146,51.4371,31.224,2.252336829,0.017997673,26.02,1.2844,34.2914,0.142857143,2.432990926,0.122728862,-0.326497479,-5.1e-18,1,1,0,2.881555878,180.6125685,-0.89,1.504122761,381.2925583333333
Clc1ccc(O)cc1,8,8,8,0,1,0,2,1,1,0,128.558,49.6752,24.276,2.203435554,0.017139622,20.23,2.0456,33.1168,0.0,2.587971411,0.293092087,-0.507965186,-1.17e-17,1,1,0,3.032455532,147.3883389,-0.69,1.138019489,342.0785624999998
NCc1ccc(CC)cc1,10,10,10,2,1,0,1,1,1,0,135.21,65.5671,31.224,2.498854564,0.018481285,26.02,1.7077,43.7114,0.333333333,2.062162242,0.118713007,-0.326497504,1.51e-18,1,1,0,2.797251263,165.3881692,-0.82,1.578594458,335.7434081349206
C(=O)Oc1ccc(C(=O)N)cc1,12,12,12,3,1,0,4,1,3,0,165.148,62.47785,83.268,2.794024383,0.016918306,69.39,0.3207,41.6519,0.0,2.643304745,0.297995969,-0.428763813,1.83e-18,1,1,0,2.846340724,291.676212,-1.84,1.820194513,446.7695613095236
Brc1ccc(C#N)cc1,9,9,9,0,1,0,2,0,1,0,182.02,58.2855,28.548,2.562690034,0.014079167,23.79,2.32078,38.857,0.0,3.122903585,0.099110173,-0.192437041,8.81e-18,1,1,0,3.056038396,232.088218,-0.81,1.546690553,376.4595089285714
Fc1ccc(O)cc1,8,8,8,0,1,0,2,1,1,0,112.103,42.0972,24.276,1.996908826,0.017813161,20.23,1.5313,28.0648,0.0,2.662956143,0.293092107,-0.507963394,-3.2e-18,1,1,0,3.032455532,147.3883389,-1.05,0.964169346,296.04513666666645
NCc1ccc(NC)cc1,10,10,10,2,1,0,2,2,2,0,136.198,65.82015,45.66,2.52945984,0.018571931,38.05,1.187,43.8801,0.25,2.069244721,0.159700178,-0.388121792,-7.25e-18,1,1,0,2.797251263,167.9174942,-1.02,1.481523026,404.69225416666666
Nc1ccc(CCC)cc1,10,10,10,2,1,0,1,1,1,0,135.21,67.2741,31.224,2.615012885,0.019340381,26.02,2.2213,44.8494,0.333333333,2.009837337,0.156215748,-0.398728562,6.03e-19,1,1,0,2.693803452,188.3881692,-0.98,1.760845125,345.5468164682541
Cc1ccc(C#N)cc1,9,9,9,0,1,0,1,0,1,0,117.151,53.841,28.548,2.276647184,0.019433442,23.79,1.8667,35.894,0.125,2.17586965,0.099109176,-0.192437049,5.85e-18,1,1,0,3.056038396,227.7397024,-1.29,1.297733132,266.5206541666665
OCc1ccc(NC)cc1,10,10,10,2,1,0,2,2,2,0,137.182,62.86725,38.712,2.521234433,0.018378755,32.26,1.2206,41.9115,0.25,2.182090004,0.210528197,-0.391680448,7e-18,1,1,0,2.797251263,169.9174942,-1.02,1.481523026,401.51447083333335
Nc1ccc(N)cc1,8,8,8,0,1,0,2,2,2,0,108.144,52.9002,62.448,2.018205679,0.018662207,52.04,0.851,35.2668,0.0,2.044302251,0.156215764,-0.398726787,-6.07e-18,1,1,0,3.032455532,145.3883389,-1.18,0.904141896,305.94635833333314
C(=O)Nc1ccc(OC)cc1,11,11,11,3,1,0,3,1,2,0,151.165,64.02105,45.996,2.670998811,0.017669426,38.33,1.2635,42.6807,0.125,2.361176482,0.211012494,-0.496765888,8.33e-18,1,1,0,2.736673954,230.3523034,-1.51,1.965048096,415.5911017857142
Cc1ccc(C(=O)N)cc1,10,10,10,1,1,0,2,1,1,0,135.166,59.54535,51.708,2.411429573,0.017840504,43.09,1.09392,39.6969,0.125,2.269967306,0.248195449,-0.365599509,2.37e-18,1,1,0,3.003400685,237.9394334,-1.31,1.345015863,410.2362875000001
Nc1ccccc1,7,7,7,0,1,0,1,1,1,0,93.129,46.2816,31.224,1.760300448,0.018901743,26.02,1.2688,30.8544,0.0,2.012225117,0.156215746,-0.398728829,-3.47e-18,1,1,0,3.02146531,134.1073697,-0.98,0.92905918,251.07729999999984
Clc1ccc(C(=O)O)cc1,10,10,10,1,1,0,3,1,1,0,156.568,57.61695,44.76,2.625637861,0.016769952,37.3,2.0382,38.4113,0.0,2.717394747,0.335179993,-0.477639241,-8.79e-18,1,1,0,3.003400685,240.2879489,-1.02,1.481523026,401.93159851190484
Oc1ccccc1,7,7,7,0,1,0,1,1,1,0,94.113,42.1602,24.276,1.746489202,0.018557364,20.23,1.3922,28.1068,0.0,2.232271141,0.293092067,-0.507966995,-1.39e-17,1,1,0,3.02146531,134.1073697,-0.98,0.92905918,284.06245654761864
Clc1ccc([N+](=O)[O-])cc1,10,10,10,1,1,0,4,0,2,0,157.556,57.1596,51.768,2.593874573,0.016463191,43.14,2.2482,38.1064,0.0,2.75642232,0.269027427,-0.258309627,-1.49e-18,1,1,0,3.003400685,244.4296584,-1.09,1.448106572,380.25496309523805
CCc1ccc(Br)cc1,9,9,9,1,1,0,1,0,0,0,185.064,65.28,0.0,2.572369846,0.013899893,0.0,3.0115,43.52,0.25,2.834926427,0.063469402,-0.061294128,1.93e-19,1,1,0,2.881555878,176.264053,-0.3,1.827547666,245.07875333333314
Brc1ccc(C(=O)N)cc1,10,10,10,1,1,0,3,1,1,0,200.035,63.98985,51.708,2.775227424,0.013873709,43.09,1.548,42.6599,0.0,3.126042597,0.248196433,-0.365599503,2.82e-18,1,1,0,3.003400685,242.2879489,-0.83,1.573685466,411.6217485119048
Fc1ccc(CCC)cc1,10,10,10,2,1,0,1,0,0,0,138.185,60.5925,0.0,2.61329537,0.01891157,0.0,2.7782,40.395,0.333333333,2.280562738,0.122727216,-0.207012169,-1.49e-18,1,1,0,2.693803452,188.3881692,-0.85,1.831908246,280.27202840007226
NCc1ccc(OC)cc1,10,10,10,2,1,0,2,1,2,0,137.182,61.3281,42.3,2.513010115,0.018318803,35.25,1.1539,40.8854,0.25,2.236853869,0.118713007,-0.496768205,-4.79e-18,1,1,0,2.797251263,169.9174942,-1.02,1.481523026,410.4014958333334
Nc1ccc(C#N)cc1,9,9,9,0,1,0,2,1,2,0,118.139,53.3541,59.772,2.268887941,0.019205241,49.81,1.14048,35.5694,0.0,2.214244037,0.156215756,-0.398727657,0.0,1,1,0,3.056038396,230.088218,-1.49,1.198750055,308.09274166666637
c1ccc2ccccc2c1,10,10,11,0,2,0,0,0,0,0,128.174,65.922,0.0,2.10447504,0.016418892,0.0,2.8398,43.948,0.0,1.944328116,0.062923842,-0.061629711,-9.25e-18,2,2,0,2.888051602,271.0151824,-1.3,0.780533544,331.5046199404761
Oc1ccc(C#N)cc1,9,9,9,0,1,0,2,1,2,0,119.123,49.2327,52.824,2.261413894,0.018983856,44.02,1.26388,32.8218,0.0,2.419590995,0.293092084,-0.507965461,-4.96e-18,1,1,0,3.056038396,232.088218,-1.49,1.198750055,339.51519583333334
C(=O)Oc1ccc(Cl)cc1,10,10,10,2,1,0,3,0,2,0,156.568,57.216,31.56,2.613490908,0.016692369,26.3,1.8752,38.144,0.0,2.736437312,0.297995977,-0.428762794,9.25e-19,1,1,0,2.78284959,217.5526455,-1.02,1.739178486,370.7055810119047
Oc1ccc(Cl)cc1,8,8,8,0,1,0,2,1,1,0,128.558,49.6752,24.276,2.203435711,0.017139623,20.23,2.0456,33.1168,0.0,2.587971411,0.293092087,-0.507965186,-1.17e-17,1,1,0,3.032455532,147.3883389,-0.69,1.138019489,342.0785624999998
Oc1ccc(Br)cc1,8,8,8,0,1,0,2,1,1,0,173.009,53.7102,24.276,2.290662788,0.013240136,20.23,2.1547,35.8068,0.0,3.221157188,0.293092082,-0.507965629,-9.07e-18,1,1,0,3.032455532,147.3883389,-0.5,1.234072022,359.5386372619048
Cc1ccc(NC)cc1,9,9,9,1,1,0,1,1,1,0,121.183,61.08855,14.436,2.295435876,0.018941897,12.03,2.03672,40.7257,0.25,1.983726869,0.159700178,-0.388121804,7.89e-18,1,1,0,2.881555878,176.264053,-0.98,1.456737692,228.91687119047623
CCc1ccc(OC)cc1,10,10,10,2,1,0,1,0,1,0,136.194,63.558,11.076,2.51363538,0.018456286,9.23,2.2576,42.372,0.333333333,2.142830137,0.118377733,-0.496768219,1.1e-18,1,1,0,2.797251263,165.3881692,-0.98,1.50074922,294.68519655483414
C(=O)Nc1ccc(Cl)cc1,10,10,10,2,1,0,3,1,1,0,155.584,61.70805,34.92,2.627436351,0.016887574,29.1,1.9083,41.1387,0.0,2.521291752,0.211012474,-0.328696278,7.81e-18,1,1,0,2.78284959,219.5526455,-1.02,1.739178486,407.46749851190475
CCc1ccc(NC)cc1,10,10,10,2,1,0,1,1,1,0,135.21,68.05005,14.436,2.530276732,0.01871368,12.03,2.2907,45.3667,0.333333333,1.986919892,0.159700178,-0.388121802,1.06e-17,1,1,0,2.797251263,165.3881692,-0.98,1.50074922,301.22781765873015
OCc1ccc(N)cc1,9,9,9,1,1,0,2,2,2,0,123.155,55.1658,55.5,2.256826721,0.018325092,46.25,0.7611,36.7772,0.142857143,2.23245195,0.210528197,-0.398728544,2.12e-18,1,1,0,2.881555878,180.6125685,-1.02,1.435851175,394.83773333333323
NCc1ccc(C(=O)O)cc1,11,11,11,2,1,0,3,2,2,0,151.165,61.93905,75.984,2.642956363,0.017483917,63.32,0.8435,41.2927,0.125,2.440544334,0.335178588,-0.477639249,-9.37e-18,1,1,0,2.913801563,253.2994976,-1.35,1.782313714,433.9998184523808
Oc1ccc(NC)cc1,9,9,9,1,1,0,2,2,2,0,123.155,56.48025,38.712,2.281729167,0.018527296,32.26,1.4339,37.6535,0.142857143,2.180496684,0.293092097,-0.507964319,-2.07e-18,1,1,0,2.881555878,180.6125685,-1.18,1.353393012,389.8902708333333
CCc1ccc(C#N)cc1,10,10,10,1,1,0,1,0,1,0,131.178,60.8025,28.548,2.510893861,0.01914112,23.79,2.12068,40.535,0.222222222,2.157444149,0.099109179,-0.192437049,3.65e-18,1,1,0,2.930275615,240.4259307,-1.29,1.354264941,333.4669881222944
Brc1ccc(O)cc1,8,8,8,0,1,0,2,1,1,0,173.009,53.7102,24.276,2.290662664,0.013240136,20.23,2.1547,35.8068,0.0,3.221157188,0.293092082,-0.507965629,-9.07e-18,1,1,0,3.032455532,147.3883389,-0.5,1.234072022,359.5386372619048
CCc1ccc(C)cc1,9,9,9,1,1,0,0,0,0,0,120.195,60.8355,0.0,2.278482608,0.018956551,0.0,2.55742,40.557,0.333333333,1.975737818,0.062570096,-0.061294135,2.15e-18,1,1,0,2.881555878,171.734728,-0.78,1.562760731,222.83983986111107
C(=O)Oc1ccc(Br)cc1,10,10,10,2,1,0,3,0,2,0,201.019,61.251,31.56,2.761105032,0.013735543,26.3,1.9843,40.834,0.0,3.281889222,0.297995973,-0.42876324,-1.34e-17,1,1,0,2.78284959,217.5526455,-0.83,1.842927825,370.3529110119047
C(=O)Nc1ccc(C)cc1,10,10,10,2,1,0,2,1,1,0,135.166,61.29855,34.92,2.418894331,0.017895731,29.1,1.56332,40.8657,0.125,2.205043966,0.211012464,-0.328697695,2.19e-18,1,1,0,2.78284959,215.2041299,-1.31,1.584972123,407.4461208333334
C(=O)Nc1ccc(C#N)cc1,11,11,11,2,1,0,3,1,2,0,146.149,61.26555,63.468,2.65232369,0.01814808,52.89,1.12658,40.8437,0.0,2.385500458,0.211012472,-0.328696544,4.49e-18,1,1,0,2.841897617,283.9555223,-1.82,1.798454411,417.52650833333325
Ic1ccc(NC)cc1,9,9,9,1,1,0,2,1,1,0,233.052,73.05855,14.436,2.60034293,0.01115778,12.03,2.3329,48.7057,0.142857143,3.189934605,0.159700184,-0.388121091,-3.67e-18,1,1,0,2.881555878,180.6125685,-0.25,1.855930285,337.7055700000001
Fc1ccc(C#N)cc1,9,9,9,0,1,0,2,0,1,0,121.114,46.6725,28.548,2.261457031,0.018672135,23.79,1.69738,31.115,0.0,2.594975572,0.12279734,-0.207010972,2.14e-18,1,1,0,3.056038396,232.088218,-1.36,1.262759907,375.7018499999999
c1ccc2c(c1)[nH]c3ccccc23,13,13,15,0,3,0,1,1,0,0,167.211,83.70705,18.948,2.494867957,0.014920477,15.79,3.3211,55.8047,0.0,1.997573657,0.166547604,-0.354510538,1.89e-18,3,2,0,2.64243826,512.8841359,-1.76,0.871816321,389.0726678571429
NCc1ccccc1,8,8,8,1,1,0,1,1,1,0,107.156,51.5001,31.224,2.01316497,0.018787235,26.02,1.1453,34.3334,0.142857143,2.080694949,0.118713007,-0.326497507,-6.73e-18,1,1,0,2.832085835,145.7328145,-0.82,1.073981897,243.02504583333325
Fc1ccccc1,7,7,7,0,1,0,1,0,0,0,96.104,39.6,0.0,1.738544583,0.018090241,0.0,1.8257,26.4,0.0,2.426868626,0.12270724,-0.207012522,2.89e-18,1,1,0,3.02146531,134.1073697,-0.85,0.999576996,217.4718875
CCc1ccc(CCC)cc1,11,11,11,3,1,0,0,0,0,0,148.249,74.7225,0.0,2.696751456,0.018190689,0.0,3.2015,49.815,0.454545455,1.983994085,0.062570441,-0.065065438,-1.67e-18,1,1,0,2.664537067,195.7832245,-0.78,2.3768738,280.38787276515154
Oc1ccc(OC)cc1,9,9,9,1,1,0,2,1,2,0,124.139,51.9882,35.352,2.261590876,0.018218214,29.46,1.4008,34.6588,0.142857143,2.387830269,0.29309212,-0.507962235,-2.04e-18,1,1,0,2.881555878,178.6125685,-1.18,1.353393012,375.7658708333334
C(=O)Nc1ccc(N)cc1,10,10,10,2,1,0,3,2,2,0,136.154,60.81165,66.144,2.413836447,0.017728722,55.12,0.8371,40.5411,0.0,2.238945955,0.21101248,-0.398726783,2.7e-18,1,1,0,2.78284959,217.5526455,-1.51,1.481662633,419.0576916666665
c1ccc(cc1)c2ccccc2,12,12,13,1,2,0,0,0,0,0,154.212,77.817,0.0,2.650190765,0.017185373,0.0,3.3536,51.878,0.0,1.981726333,0.062923839,-0.062225395,-1.58e-18,2,2,0,2.45714948,297.4313205,-1.56,1.37393594,350.33240200396824
NCc1ccc(Br)cc1,9,9,9,1,1,0,2,1,1,0,186.052,63.0501,31.224,2.570058848,0.013813659,26.02,1.9078,42.0334,0.142857143,2.950859666,0.118713007,-0.326497496,-9.39e-18,1,1,0,2.881555878,180.6125685,-0.34,1.804947321,390.20956666666666
Nc1ccc(Cl)cc1,8,8,8,0,1,0,2,1,1,0,127.574,53.7966,31.224,2.209066737,0.017315963,26.02,1.9222,35.8644,0.0,2.371413763,0.156215758,-0.398727447,-6.94e-18,1,1,0,3.032455532,147.3883389,-0.69,1.138019489,407.62874166666666
CCCc1ccc(F)cc1,10,10,10,2,1,0,1,0,0,0,138.185,60.5925,0.0,2.613293286,0.018911555,0.0,2.7782,40.395,0.333333333,2.280562738,0.122727216,-0.207012169,-1.49e-18,1,1,0,2.693803452,188.3881692,-0.85,1.831908246,280.27202840007226
Fc1ccc(I)cc1,8,8,8,0,1,0,2,0,0,0,222.0,58.6755,0.0,2.302768546,0.010372831,0.0,2.4303,39.117,0.0,3.783521167,0.122781424,-0.207011228,-1.16e-18,1,1,0,3.032455532,147.3883389,-0.12,1.434508351,321.84637535714285
Oc1ccc(N)cc1,8,8,8,0,1,0,2,2,2,0,109.128,48.7788,55.5,2.008499737,0.01840499,46.25,0.9744,32.5192,0.0,2.237201361,0.293092097,-0.507964321,2.31e-18,1,1,0,3.032455532,147.3883389,-1.18,0.904141896,336.30504166666657
OCc1ccc(OC)cc1,10,10,10,2,1,0,2,1,2,0,138.166,58.3752,35.352,2.504983094,0.018130242,29.46,1.1875,38.9168,0.25,2.366861229,0.210528198,-0.496768195,7.98e-18,1,1,0,2.797251263,167.9174942,-1.02,1.481523026,406.48479583333335
CCc1ccc(Cl)cc1,9,9,9,1,1,0,1,0,0,0,140.613,61.245,0.0,2.468305861,0.017553895,0.0,2.9024,40.83,0.25,2.295909833,0.063850301,-0.084344133,1.35e-18,1,1,0,2.881555878,176.264053,-0.49,1.721046036,214.89519333333325
Cc1ccc(I)cc1,8,8,8,0,1,0,1,0,0,0,218.037,65.844,0.0,2.27740956,0.01044506,0.0,2.59962,43.896,0.142857143,3.311417847,0.06339512,-0.05827412,1.16e-18,1,1,0,3.032455532,143.2466295,-0.05,1.472587813,251.60446999999974
Nc1ccc(NC)cc1,9,9,9,1,1,0,2,2,2,0,122.171,60.60165,45.66,2.288316748,0.018730441,38.05,1.3105,40.4011,0.142857143,2.015968179,0.159700194,-0.398726785,5.57e-18,1,1,0,2.881555878,178.6125685,-1.18,1.353393012,405.8677583333334
Ic1ccc(C#N)cc1,9,9,9,0,1,0,2,0,1,0,229.02,65.811,28.548,2.55815773,0.011170019,23.79,2.16288,43.874,0.0,3.479965302,0.099110089,-0.192437042,4.67e-18,1,1,0,3.056038396,232.088218,-0.56,1.68235904,372.87964642857145
Ic1ccc(N)cc1,8,8,8,0,1,0,2,1,1,0,219.025,65.3571,31.224,2.28119433,0.010415223,26.02,1.8734,43.5714,0.0,3.351204332,0.156215754,-0.398727852,-1.12e-18,1,1,0,3.032455532,147.3883389,-0.25,1.364727153,399.57662559523817
Nc1ccc(OC)cc1,9,9,9,1,1,0,2,1,2,0,123.155,56.1096,42.3,2.268529198,0.018420114,35.25,1.2774,37.4064,0.142857143,2.194900655,0.156215778,-0.496765894,8.48e-18,1,1,0,2.881555878,180.6125685,-1.18,1.353393012,409.4615083333334
Nc1ccc(CC)cc1,9,9,9,1,1,0,1,1,1,0,121.183,60.3486,31.224,2.270749892,0.018738188,26.02,1.8312,40.2324,0.25,2.008049863,0.156215748,-0.398728562,6.94e-19,1,1,0,2.881555878,176.264053,-0.98,1.456737692,313.6681583333332
Clc1ccc(F)cc1,8,8,8,0,1,0,2,0,0,0,130.549,47.115,0.0,2.206895201,0.016904727,0.0,2.4791,31.41,0.0,2.770858479,0.122811945,-0.207010694,3.47e-18,1,1,0,3.032455532,147.3883389,-0.56,1.203430049,304.32328666666655
c1ccc2c(c1)ccc3c2cccc3,14,14,16,0,3,0,0,0,0,0,178.234,92.181,0.0,2.616954517,0.01468269,0.0,3.993,61.454,0.0,1.933522071,0.062946213,-0.061628993,-1.73e-18,3,3,0,2.610318687,539.0090986,-1.82,1.007540623,359.66031458333333
C(=O)Nc1ccc(CC)cc1,11,11,11,3,1,0,2,1,1,0,149.193,68.26005,34.92,2.665224044,0.01786427,29.1,1.8173,45.5067,0.222222222,2.185656146,0.211012464,-0.328697692,9.46e-19,1,1,0,2.736673954,227.8229784,-1.31,2.075224642,400.1308851190477
Oc1ccc(I)cc1,8,8,8,0,1,0,2,1,1,0,220.009,61.2357,24.276,2.284775646,0.010384919,20.23,1.9968,40.8238,0.0,3.592822429,0.293092081,-0.507965715,-8.54e-18,1,1,0,3.032455532,147.3883389,-0.25,1.364727153,359.24444976190466
CCc1ccc(F)cc1,9,9,9,1,1,0,1,0,0,0,124.158,53.667,0.0,2.264074392,0.018235429,0.0,2.3881,35.778,0.25,2.313488693,0.122727213,-0.207012169,3.85e-18,1,1,0,2.881555878,176.264053,-0.85,1.525354421,217.72678904761918
Brc1ccc(Cl)cc1,8,8,8,0,1,0,2,0,0,0,191.455,58.728,0.0,2.577999394,0.013465302,0.0,3.1025,39.152,0.0,3.260029232,0.063880347,-0.084343133,-1.73e-18,1,1,0,3.032455532,147.3883389,-0.01,1.494503503,319.41185392857136
Fc1ccc([N+](=O)[O-])cc1,10,10,10,1,1,0,4,0,2,0,141.101,49.5816,51.768,2.367267235,0.016777112,43.14,1.7339,33.0544,0.0,2.845833881,0.269131351,-0.258309616,5.45e-18,1,1,0,3.003400685,244.4296584,-1.45,1.280972524,385.6922666666666
NCc1ccc(C)cc1,9,9,9,1,1,0,1,1,1,0,121.183,58.6056,31.224,2.274016691,0.018765146,26.02,1.45372,39.0704,0.25,2.067771645,0.118713007,-0.326497504,1.73e-19,1,1,0,2.881555878,176.264053,-0.82,1.54134677,300.38739999999996
NCc1ccc(C#N)cc1,10,10,10,1,1,0,2,1,2,0,132.166,58.5726,59.772,2.509359372,0.018986421,49.81,1.01698,39.0484,0.125,2.256447515,0.118713007,-0.326497495,-1e-17,1,1,0,2.930275615,242.9552557,-1.33,1.335791643,414.1101125
Nc1ccc([N+](=O)[O-])cc1,10,10,10,1,1,0,4,1,3,0,138.126,56.2632,82.992,2.366577461,0.017133468,69.16,1.177,37.5088,0.0,2.454997184,0.2690748,-0.398722083,6.07e-18,1,1,0,3.003400685,242.4296584,-1.58,1.222616942,443.0458238095237
Fc1ccc(N)cc1,8,8,8,0,1,0,2,1,1,0,111.119,46.2186,31.224,2.005917159,0.018051973,26.02,1.4079,30.8124,0.0,2.404205181,0.15621577,-0.398726079,2.48e-18,1,1,0,3.032455532,147.3883389,-1.05,0.964169346,277.468558333333
c1ccc2c3cccc4cccc(c1)c2c34,16,16,19,0,1,3,0,0,0,0,202.256,100.83,0.0,2.669001497,0.013196155,0.0,3.1194,67.22,0.0,2.005910919,0.062947226,-0.061628626,-4.42e-18,4,1,0,2.389141219,750.5592881,-2.08,0.84888778,377.7193309523809
CCCc1ccc(I)cc1,10,10,10,2,1,0,1,0,0,0,246.091,79.731,0.0,2.947373698,0.011976763,0.0,3.2437,53.154,0.333333333,3.086515871,0.063395294,-0.065065438,-9.09e-19,1,1,0,2.693803452,188.3881692,-0.05,2.289798154,298.70013673340543
Cc1ccc(F)cc1,8,8,8,0,1,0,1,0,0,0,110.131,46.7055,0.0,2.015405473,0.018300074,0.0,2.13412,31.137,0.142857143,2.357987767,0.122726866,-0.207012172,-1.85e-18,1,1,0,3.032455532,143.2466295,-0.85,1.059403088,218.49892000000014
NCc1ccc(CCC)cc1,11,11,11,3,1,0,1,1,1,0,149.237,72.4926,31.224,2.858853346,0.019156465,26.02,2.0978,48.3284,0.4,2.058651475,0.118713007,-0.326497504,-6.67e-19,1,1,0,2.664537067,200.6176914,-0.82,2.353634969,349.5317017857144
Ic1ccc(OC)cc1,9,9,9,1,1,0,2,0,1,0,234.036,68.5665,11.076,2.595576476,0.011090501,9.23,2.2998,45.711,0.142857143,3.413270279,0.118432066,-0.496767288,8.35e-18,1,1,0,2.881555878,180.6125685,-0.25,1.855930285,329.38809023809523
C(=O)Oc1ccc(C)cc1,10,10,10,2,1,0,2,0,2,0,136.15,56.8065,31.56,2.400745977,0.017633096,26.3,1.53022,37.871,0.125,2.396732726,0.297995966,-0.428764268,-1.04e-17,1,1,0,2.78284959,213.2041299,-1.31,1.584972123,381.8073806818182
OCc1ccc(I)cc1,9,9,9,1,1,0,2,1,1,0,234.036,67.6227,24.276,2.584348033,0.011042523,20.23,1.7835,45.0818,0.142857143,3.460908786,0.210528197,-0.391680459,6.4e-18,1,1,0,2.881555878,180.6125685,-0.09,1.947726272,348.9334991666666
NCc1ccc(I)cc1,9,9,9,1,1,0,2,1,1,0,233.052,70.5756,31.224,2.574840644,0.011048352,26.02,1.7499,47.0504,0.142857143,3.30216104,0.118713007,-0.326497497,-1.43e-18,1,1,0,2.881555878,180.6125685,-0.09,1.947726272,385.3197999999999
C(=O)Nc1ccc(C(=O)O)cc1,12,12,12,3,1,0,4,2,2,0,165.148,64.632,79.68,2.80382547,0.016977653,66.4,0.9531,43.088,0.0,2.555204813,0.335180839,-0.477639236,4.02e-18,1,1,0,2.846340724,291.676212,-1.84,1.820194513,443.90668333333315
Oc1ccc([N+](=O)[O-])cc1,10,10,10,1,1,0,4,1,3,0,139.11,52.1418,76.044,2.362343293,0.016981837,63.37,1.3004,34.7612,0.0,2.667917052,0.293092166,-0.507958165,-1.2e-17,1,1,0,3.003400685,241.6747709,-1.58,1.222616942,426.6884071428571
CCCc1ccc(Cl)cc1,10,10,10,2,1,0,1,0,0,0,154.64,68.1705,0.0,2.816352258,0.018212314,0.0,3.2925,45.447,0.333333333,2.268429859,0.063850303,-0.084344133,-3.3e-19,1,1,0,2.693803452,188.3881692,-0.49,2.033701902,293.0220200667388
Nc1ccc(I)cc1,8,8,8,0,1,0,2,1,1,0,219.025,65.3571,31.224,2.2811943,0.010415223,26.02,1.8734,43.5714,0.0,3.351204332,0.156215754,-0.398727852,-1.12e-18,1,1,0,3.032455532,147.3883389,-0.25,1.364727153,399.57662559523817
Ic1ccc(I)cc1,8,8,8,0,1,0,2,0,0,0,329.906,77.814,0.0,3.158486399,0.009573898,0.0,2.8958,51.876,0.0,4.23967404,0.063422771,-0.047792868,2.6e-18,1,1,0,3.032455532,145.3883389,0.68,1.889429225,334.18059559523806
CCCc1ccc(O)cc1,10,10,10,2,1,0,1,1,1,0,136.194,63.1527,24.276,2.437889197,0.017900122,20.23,2.3447,42.1018,0.333333333,2.156582345,0.29309207,-0.507966645,-6.31e-19,1,1,0,2.693803452,188.3881692,-0.98,1.760845125,342.87574571428564
CCc1ccc(I)cc1,9,9,9,1,1,0,1,0,0,0,232.064,72.8055,0.0,2.573462802,0.011089453,0.0,2.8536,48.537,0.25,3.187451454,0.063395293,-0.061294128,-2.6e-18,1,1,0,2.881555878,176.264053,-0.05,1.970902995,248.10651464285695
C(=O)Nc1ccc(Br)cc1,10,10,10,2,1,0,3,1,1,0,200.035,65.74305,34.92,2.769324101,0.013844198,29.1,2.0174,43.8287,0.0,3.04267899,0.211012471,-0.328696707,1.26e-17,1,1,0,2.78284959,219.5526455,-0.83,1.842927825,407.2134485119048
CCCc1ccc(C)cc1,10,10,10,2,1,0,0,0,0,0,134.222,67.761,0.0,2.448474163,0.018241973,0.0,2.94752,45.174,0.4,1.980814894,0.062570269,-0.065065438,-4.34e-19,1,1,0,2.693803452,183.6982132,-0.78,1.870576849,268.00955609848484
